birth,life,deltactcf,clife,cof,sep,face,peaktotal
0.0001,50,1000,17.0,1.7,100,1.0,3528951
0.0001,50,1000,17.0,1.7,74,1.0,4446030
0.0001,50,100,17.0,1.7,100,1.0,3543118
0.0001,50,100,17.0,1.7,74,1.0,4612267
0.0001,50,10,17.0,1.7,100,1.0,3529725
0.0001,50,10,17.0,1.7,74,1.0,4465553
0.0001,50,1500,17.0,1.7,100,1.0,3552280
0.0001,50,1500,17.0,1.7,74,1.0,4474354
0.0001,50,200,17.0,1.7,100,1.0,3591327
0.0001,50,200,17.0,1.7,74,1.0,4578459
0.0001,50,20,17.0,1.7,100,1.0,3543466
0.0001,50,20,17.0,1.7,74,1.0,4582726
0.0001,50,3000,17.0,1.7,100,1.0,3597756
0.0001,50,3000,17.0,1.7,74,1.0,4468342
0.0001,50,400,17.0,1.7,100,1.0,3582011
0.0001,50,400,17.0,1.7,74,1.0,4528821
0.0001,50,40,17.0,1.7,100,1.0,3514825
0.0001,50,40,17.0,1.7,74,1.0,4565003
0.0001,50,4,17.0,1.7,100,1.0,3522764
0.0001,50,4,17.0,1.7,74,1.0,4509111
0.0001,50,5000,17.0,1.7,100,1.0,3561823
0.0001,50,5000,17.0,1.7,74,1.0,4481478
0.0001,50,8,17.0,1.7,100,1.0,3591826
0.0001,50,8,17.0,1.7,74,1.0,4633958
0.00025,50,1000,17.0,1.7,100,1.0,3486348
0.00025,50,1000,17.0,1.7,74,1.0,4534816
0.00025,50,100,17.0,1.7,100,1.0,3517345
0.00025,50,100,17.0,1.7,74,1.0,4491463
0.00025,50,10,17.0,1.7,100,1.0,3624641
0.00025,50,10,17.0,1.7,74,1.0,4564558
0.00025,50,1500,17.0,1.7,100,1.0,3611856
0.00025,50,1500,17.0,1.7,74,1.0,4595155
0.00025,50,200,17.0,1.7,100,1.0,3522445
0.00025,50,200,17.0,1.7,74,1.0,4596894
0.00025,50,20,17.0,1.7,100,1.0,3608365
0.00025,50,20,17.0,1.7,74,1.0,4553348
0.00025,50,3000,17.0,1.7,100,1.0,3640400
0.00025,50,3000,17.0,1.7,74,1.0,4571392
0.00025,50,400,17.0,1.7,100,1.0,3665369
0.00025,50,400,17.0,1.7,74,1.0,4591003
0.00025,50,40,17.0,1.7,100,1.0,3538354
0.00025,50,40,17.0,1.7,74,1.0,4592452
0.00025,50,4,17.0,1.7,100,1.0,3596509
0.00025,50,4,17.0,1.7,74,1.0,4605176
0.00025,50,5000,17.0,1.7,100,1.0,3557484
0.00025,50,5000,17.0,1.7,74,1.0,4582614
0.00025,50,8,17.0,1.7,100,1.0,3616322
0.00025,50,8,17.0,1.7,74,1.0,4614749
0.0005,50,1000,17.0,1.7,100,1.0,3585312
0.0005,50,1000,17.0,1.7,74,1.0,4546769
0.0005,50,100,17.0,1.7,100,1.0,3609064
0.0005,50,100,17.0,1.7,74,1.0,4521899
0.0005,50,10,17.0,1.7,100,1.0,3629766
0.0005,50,10,17.0,1.7,74,1.0,4598781
0.0005,50,1500,17.0,1.7,100,1.0,3493415
0.0005,50,1500,17.0,1.7,74,1.0,4557177
0.0005,50,200,17.0,1.7,100,1.0,3559983
0.0005,50,200,17.0,1.7,74,1.0,4574079
0.0005,50,20,17.0,1.7,100,1.0,3596490
0.0005,50,20,17.0,1.7,74,1.0,4627255
0.0005,50,3000,17.0,1.7,100,1.0,3572656
0.0005,50,3000,17.0,1.7,74,1.0,4419722
0.0005,50,400,17.0,1.7,100,1.0,3567527
0.0005,50,400,17.0,1.7,74,1.0,4567443
0.0005,50,40,17.0,1.7,100,1.0,3567418
0.0005,50,40,17.0,1.7,74,1.0,4496621
0.0005,50,4,17.0,1.7,100,1.0,3594248
0.0005,50,4,17.0,1.7,74,1.0,4566131
0.0005,50,5000,17.0,1.7,100,1.0,3560535
0.0005,50,5000,17.0,1.7,74,1.0,4600283
0.0005,50,8,17.0,1.7,100,1.0,3603237
0.0005,50,8,17.0,1.7,74,1.0,4502694
0.00075,50,1000,17.0,1.7,100,1.0,3520824
0.00075,50,1000,17.0,1.7,74,1.0,4504044
0.00075,50,100,17.0,1.7,100,1.0,3511485
0.00075,50,100,17.0,1.7,74,1.0,4531564
0.00075,50,10,17.0,1.7,100,1.0,3620852
0.00075,50,10,17.0,1.7,74,1.0,4620623
0.00075,50,1500,17.0,1.7,100,1.0,3493210
0.00075,50,1500,17.0,1.7,74,1.0,4524367
0.00075,50,200,17.0,1.7,100,1.0,3566291
0.00075,50,200,17.0,1.7,74,1.0,4458844
0.00075,50,20,17.0,1.7,100,1.0,3479929
0.00075,50,20,17.0,1.7,74,1.0,4603262
0.00075,50,3000,17.0,1.7,100,1.0,3560659
0.00075,50,3000,17.0,1.7,74,1.0,4577425
0.00075,50,400,17.0,1.7,100,1.0,3547401
0.00075,50,400,17.0,1.7,74,1.0,4518571
0.00075,50,40,17.0,1.7,100,1.0,3718053
0.00075,50,40,17.0,1.7,74,1.0,4553247
0.00075,50,4,17.0,1.7,100,1.0,3608502
0.00075,50,4,17.0,1.7,74,1.0,4658989
0.00075,50,5000,17.0,1.7,100,1.0,3521692
0.00075,50,5000,17.0,1.7,74,1.0,4661875
0.00075,50,8,17.0,1.7,100,1.0,3623256
0.00075,50,8,17.0,1.7,74,1.0,4671243
0.001,50,1000,17.0,1.7,100,1.0,3604932
0.001,50,1000,17.0,1.7,74,1.0,4534517
0.001,50,100,17.0,1.7,100,1.0,3682253
0.001,50,100,17.0,1.7,74,1.0,4648383
0.001,50,10,17.0,1.7,100,1.0,3655495
0.001,50,10,17.0,1.7,74,1.0,4700573
0.001,50,1500,17.0,1.7,100,1.0,3605688
0.001,50,1500,17.0,1.7,74,1.0,4624211
0.001,50,200,17.0,1.7,100,1.0,3612690
0.001,50,200,17.0,1.7,74,1.0,4606360
0.001,50,20,17.0,1.7,100,1.0,3724253
0.001,50,20,17.0,1.7,74,1.0,4582798
0.001,50,3000,17.0,1.7,100,1.0,3534228
0.001,50,3000,17.0,1.7,74,1.0,4543300
0.001,50,400,17.0,1.7,100,1.0,3554917
0.001,50,400,17.0,1.7,74,1.0,4586431
0.001,50,40,17.0,1.7,100,1.0,3628474
0.001,50,40,17.0,1.7,74,1.0,4697930
0.001,50,4,17.0,1.7,100,1.0,3579586
0.001,50,4,17.0,1.7,74,1.0,4706669
0.001,50,5000,17.0,1.7,100,1.0,3517928
0.001,50,5000,17.0,1.7,74,1.0,4535780
0.001,50,8,17.0,1.7,100,1.0,3721618
0.001,50,8,17.0,1.7,74,1.0,4682376
0.0025,50,1000,17.0,1.7,100,1.0,3585930
0.0025,50,1000,17.0,1.7,74,1.0,4557793
0.0025,50,100,17.0,1.7,100,1.0,3754854
0.0025,50,100,17.0,1.7,74,1.0,4708682
0.0025,50,10,17.0,1.7,100,1.0,3730798
0.0025,50,10,17.0,1.7,74,1.0,4753411
0.0025,50,1500,17.0,1.7,100,1.0,3603233
0.0025,50,1500,17.0,1.7,74,1.0,4562831
0.0025,50,200,17.0,1.7,100,1.0,3761092
0.0025,50,200,17.0,1.7,74,1.0,4731959
0.0025,50,20,17.0,1.7,100,1.0,3814753
0.0025,50,20,17.0,1.7,74,1.0,4856033
0.0025,50,3000,17.0,1.7,100,1.0,3542382
0.0025,50,3000,17.0,1.7,74,1.0,4500816
0.0025,50,400,17.0,1.7,100,1.0,3621636
0.0025,50,400,17.0,1.7,74,1.0,4635296
0.0025,50,40,17.0,1.7,100,1.0,3724020
0.0025,50,40,17.0,1.7,74,1.0,4808173
0.0025,50,4,17.0,1.7,100,1.0,3687147
0.0025,50,4,17.0,1.7,74,1.0,4805527
0.0025,50,5000,17.0,1.7,100,1.0,3558432
0.0025,50,5000,17.0,1.7,74,1.0,4541234
0.0025,50,8,17.0,1.7,100,1.0,3705316
0.0025,50,8,17.0,1.7,74,1.0,4792907
0.005,50,1000,17.0,1.7,100,1.0,3693357
0.005,50,1000,17.0,1.7,74,1.0,4650861
0.005,50,100,17.0,1.7,100,1.0,3933279
0.005,50,100,17.0,1.7,74,1.0,4957889
0.005,50,10,17.0,1.7,100,1.0,3983799
0.005,50,10,17.0,1.7,74,1.0,5153956
0.005,50,1500,17.0,1.7,100,1.0,3552134
0.005,50,1500,17.0,1.7,74,1.0,4593594
0.005,50,200,17.0,1.7,100,1.0,3813946
0.005,50,200,17.0,1.7,74,1.0,4886112
0.005,50,20,17.0,1.7,100,1.0,3975856
0.005,50,20,17.0,1.7,74,1.0,4957025
0.005,50,3000,17.0,1.7,100,1.0,3480902
0.005,50,3000,17.0,1.7,74,1.0,4427038
0.005,50,400,17.0,1.7,100,1.0,3766124
0.005,50,400,17.0,1.7,74,1.0,4779633
0.005,50,40,17.0,1.7,100,1.0,3949613
0.005,50,40,17.0,1.7,74,1.0,5081892
0.005,50,4,17.0,1.7,100,1.0,3963405
0.005,50,4,17.0,1.7,74,1.0,5004619
0.005,50,5000,17.0,1.7,100,1.0,3550988
0.005,50,5000,17.0,1.7,74,1.0,4542556
0.005,50,8,17.0,1.7,100,1.0,3898203
0.005,50,8,17.0,1.7,74,1.0,5107005
0.0075,50,1000,17.0,1.7,100,1.0,3689882
0.0075,50,1000,17.0,1.7,74,1.0,4595299
0.0075,50,100,17.0,1.7,100,1.0,4036524
0.0075,50,100,17.0,1.7,74,1.0,5247847
0.0075,50,10,17.0,1.7,100,1.0,4203198
0.0075,50,10,17.0,1.7,74,1.0,5416209
0.0075,50,1500,17.0,1.7,100,1.0,3682065
0.0075,50,1500,17.0,1.7,74,1.0,4578894
0.0075,50,200,17.0,1.7,100,1.0,4054317
0.0075,50,200,17.0,1.7,74,1.0,5210929
0.0075,50,20,17.0,1.7,100,1.0,4162322
0.0075,50,20,17.0,1.7,74,1.0,5304260
0.0075,50,3000,17.0,1.7,100,1.0,3573429
0.0075,50,3000,17.0,1.7,74,1.0,4585003
0.0075,50,400,17.0,1.7,100,1.0,3916302
0.0075,50,400,17.0,1.7,74,1.0,4819411
0.0075,50,40,17.0,1.7,100,1.0,4091037
0.0075,50,40,17.0,1.7,74,1.0,5267299
0.0075,50,4,17.0,1.7,100,1.0,4185065
0.0075,50,4,17.0,1.7,74,1.0,5427243
0.0075,50,5000,17.0,1.7,100,1.0,3555162
0.0075,50,5000,17.0,1.7,74,1.0,4581324
0.0075,50,8,17.0,1.7,100,1.0,4203538
0.0075,50,8,17.0,1.7,74,1.0,5328658
0.01,50,1000,17.0,1.7,100,1.0,3728433
0.01,50,1000,17.0,1.7,74,1.0,4717457
0.01,50,100,17.0,1.7,100,1.0,4205030
0.01,50,100,17.0,1.7,74,1.0,5483885
0.01,50,10,17.0,1.7,100,1.0,4273922
0.01,50,10,17.0,1.7,74,1.0,5527031
0.01,50,1500,17.0,1.7,100,1.0,3548494
0.01,50,1500,17.0,1.7,74,1.0,4520979
0.01,50,200,17.0,1.7,100,1.0,4169782
0.01,50,200,17.0,1.7,74,1.0,5245524
0.01,50,20,17.0,1.7,100,1.0,4431207
0.01,50,20,17.0,1.7,74,1.0,5640845
0.01,50,3000,17.0,1.7,100,1.0,3582802
0.01,50,3000,17.0,1.7,74,1.0,4617240
0.01,50,400,17.0,1.7,100,1.0,3937624
0.01,50,400,17.0,1.7,74,1.0,5161749
0.01,50,40,17.0,1.7,100,1.0,4348159
0.01,50,40,17.0,1.7,74,1.0,5609254
0.01,50,4,17.0,1.7,100,1.0,4402524
0.01,50,4,17.0,1.7,74,1.0,5673231
0.01,50,5000,17.0,1.7,100,1.0,3478559
0.01,50,5000,17.0,1.7,74,1.0,4528201
0.01,50,8,17.0,1.7,100,1.0,4330273
0.01,50,8,17.0,1.7,74,1.0,5583941
0.025,50,1000,17.0,1.7,100,1.0,4035327
0.025,50,1000,17.0,1.7,74,1.0,5142081
0.025,50,100,17.0,1.7,100,1.0,5294489
0.025,50,100,17.0,1.7,74,1.0,6917045
0.025,50,10,17.0,1.7,100,1.0,5486859
0.025,50,10,17.0,1.7,74,1.0,7154736
0.025,50,1500,17.0,1.7,100,1.0,3724999
0.025,50,1500,17.0,1.7,74,1.0,4839438
0.025,50,200,17.0,1.7,100,1.0,4968954
0.025,50,200,17.0,1.7,74,1.0,6437294
0.025,50,20,17.0,1.7,100,1.0,5528283
0.025,50,20,17.0,1.7,74,1.0,7183535
0.025,50,3000,17.0,1.7,100,1.0,3477276
0.025,50,3000,17.0,1.7,74,1.0,4484301
0.025,50,400,17.0,1.7,100,1.0,4654429
0.025,50,400,17.0,1.7,74,1.0,5982581
0.025,50,40,17.0,1.7,100,1.0,5296947
0.025,50,40,17.0,1.7,74,1.0,6922804
0.025,50,4,17.0,1.7,100,1.0,5646448
0.025,50,4,17.0,1.7,74,1.0,7167394
0.025,50,5000,17.0,1.7,100,1.0,3558973
0.025,50,5000,17.0,1.7,74,1.0,4488041
0.025,50,8,17.0,1.7,100,1.0,5595942
0.025,50,8,17.0,1.7,74,1.0,7208535
0.05,50,1000,17.0,1.7,100,1.0,4408495
0.05,50,1000,17.0,1.7,74,1.0,5910296
0.05,50,100,17.0,1.7,100,1.0,6896593
0.05,50,100,17.0,1.7,74,1.0,9652763
0.05,50,10,17.0,1.7,100,1.0,7577154
0.05,50,10,17.0,1.7,74,1.0,10329357
0.05,50,1500,17.0,1.7,100,1.0,3890779
0.05,50,1500,17.0,1.7,74,1.0,5109354
0.05,50,200,17.0,1.7,100,1.0,6328281
0.05,50,200,17.0,1.7,74,1.0,8871893
0.05,50,20,17.0,1.7,100,1.0,7188957
0.05,50,20,17.0,1.7,74,1.0,10187994
0.05,50,3000,17.0,1.7,100,1.0,3454767
0.05,50,3000,17.0,1.7,74,1.0,4616195
0.05,50,400,17.0,1.7,100,1.0,5647995
0.05,50,400,17.0,1.7,74,1.0,7749694
0.05,50,40,17.0,1.7,100,1.0,7273370
0.05,50,40,17.0,1.7,74,1.0,10094932
0.05,50,4,17.0,1.7,100,1.0,7475270
0.05,50,4,17.0,1.7,74,1.0,10297863
0.05,50,5000,17.0,1.7,100,1.0,3402740
0.05,50,5000,17.0,1.7,74,1.0,4708310
0.05,50,8,17.0,1.7,100,1.0,7324797
0.05,50,8,17.0,1.7,74,1.0,10379053
0.075,50,1000,17.0,1.7,100,1.0,4716877
0.075,50,1000,17.0,1.7,74,1.0,6432689
0.075,50,100,17.0,1.7,100,1.0,8385834
0.075,50,100,17.0,1.7,74,1.0,11680009
0.075,50,10,17.0,1.7,100,1.0,9171298
0.075,50,10,17.0,1.7,74,1.0,12723370
0.075,50,1500,17.0,1.7,100,1.0,4011880
0.075,50,1500,17.0,1.7,74,1.0,5376159
0.075,50,200,17.0,1.7,100,1.0,7837272
0.075,50,200,17.0,1.7,74,1.0,10834903
0.075,50,20,17.0,1.7,100,1.0,9037892
0.075,50,20,17.0,1.7,74,1.0,12741256
0.075,50,3000,17.0,1.7,100,1.0,3362997
0.075,50,3000,17.0,1.7,74,1.0,4741221
0.075,50,400,17.0,1.7,100,1.0,6704394
0.075,50,400,17.0,1.7,74,1.0,9295244
0.075,50,40,17.0,1.7,100,1.0,8901348
0.075,50,40,17.0,1.7,74,1.0,12353456
0.075,50,4,17.0,1.7,100,1.0,9108420
0.075,50,4,17.0,1.7,74,1.0,12958651
0.075,50,5000,17.0,1.7,100,1.0,3354975
0.075,50,5000,17.0,1.7,74,1.0,4576885
0.075,50,8,17.0,1.7,100,1.0,8908744
0.075,50,8,17.0,1.7,74,1.0,12789334
0.1,50,1000,17.0,1.7,100,1.0,5518003
0.1,50,1000,17.0,1.7,74,1.0,6908230
0.1,50,100,17.0,1.7,100,1.0,10880824
0.1,50,100,17.0,1.7,74,1.0,13660371
0.1,50,10,17.0,1.7,100,1.0,11660793
0.1,50,10,17.0,1.7,74,1.0,15106285
0.1,50,1500,17.0,1.7,100,1.0,4635997
0.1,50,1500,17.0,1.7,74,1.0,5508537
0.1,50,200,17.0,1.7,100,1.0,9844195
0.1,50,200,17.0,1.7,74,1.0,12399802
0.1,50,20,17.0,1.7,100,1.0,11477431
0.1,50,20,17.0,1.7,74,1.0,14754944
0.1,50,3000,17.0,1.7,100,1.0,3626337
0.1,50,3000,17.0,1.7,74,1.0,4677183
0.1,50,400,17.0,1.7,100,1.0,8374708
0.1,50,400,17.0,1.7,74,1.0,10392658
0.1,50,40,17.0,1.7,100,1.0,11608599
0.1,50,40,17.0,1.7,74,1.0,14448890
0.1,50,4,17.0,1.7,100,1.0,11732826
0.1,50,4,17.0,1.7,74,1.0,14962505
0.1,50,5000,17.0,1.7,100,1.0,3551744
0.1,50,5000,17.0,1.7,74,1.0,4465912
0.1,50,8,17.0,1.7,100,1.0,11884034
0.1,50,8,17.0,1.7,74,1.0,15073429
0.0001,66,1000,17.0,1.7,100,1.0,3786206
0.0001,66,1000,17.0,1.7,74,1.0,4734825
0.0001,66,100,17.0,1.7,100,1.0,3894970
0.0001,66,100,17.0,1.7,74,1.0,4901590
0.0001,66,10,17.0,1.7,100,1.0,3788838
0.0001,66,10,17.0,1.7,74,1.0,4777313
0.0001,66,1500,17.0,1.7,100,1.0,3760928
0.0001,66,1500,17.0,1.7,74,1.0,4747344
0.0001,66,200,17.0,1.7,100,1.0,3794368
0.0001,66,200,17.0,1.7,74,1.0,4703056
0.0001,66,20,17.0,1.7,100,1.0,3838055
0.0001,66,20,17.0,1.7,74,1.0,4762283
0.0001,66,3000,17.0,1.7,100,1.0,3710726
0.0001,66,3000,17.0,1.7,74,1.0,4837707
0.0001,66,400,17.0,1.7,100,1.0,3712920
0.0001,66,400,17.0,1.7,74,1.0,4867504
0.0001,66,40,17.0,1.7,100,1.0,3797561
0.0001,66,40,17.0,1.7,74,1.0,4834136
0.0001,66,4,17.0,1.7,100,1.0,3757918
0.0001,66,4,17.0,1.7,74,1.0,4881414
0.0001,66,5000,17.0,1.7,100,1.0,3666973
0.0001,66,5000,17.0,1.7,74,1.0,4758153
0.0001,66,8,17.0,1.7,100,1.0,3597546
0.0001,66,8,17.0,1.7,74,1.0,4795344
0.00025,66,1000,17.0,1.7,100,1.0,3801856
0.00025,66,1000,17.0,1.7,74,1.0,4908569
0.00025,66,100,17.0,1.7,100,1.0,3903995
0.00025,66,100,17.0,1.7,74,1.0,4841565
0.00025,66,10,17.0,1.7,100,1.0,3764758
0.00025,66,10,17.0,1.7,74,1.0,4894612
0.00025,66,1500,17.0,1.7,100,1.0,3755491
0.00025,66,1500,17.0,1.7,74,1.0,4868562
0.00025,66,200,17.0,1.7,100,1.0,3794579
0.00025,66,200,17.0,1.7,74,1.0,4762101
0.00025,66,20,17.0,1.7,100,1.0,3724446
0.00025,66,20,17.0,1.7,74,1.0,4780585
0.00025,66,3000,17.0,1.7,100,1.0,3759841
0.00025,66,3000,17.0,1.7,74,1.0,4773907
0.00025,66,400,17.0,1.7,100,1.0,3765679
0.00025,66,400,17.0,1.7,74,1.0,4789909
0.00025,66,40,17.0,1.7,100,1.0,3697153
0.00025,66,40,17.0,1.7,74,1.0,4769813
0.00025,66,4,17.0,1.7,100,1.0,3805880
0.00025,66,4,17.0,1.7,74,1.0,4757972
0.00025,66,5000,17.0,1.7,100,1.0,3770836
0.00025,66,5000,17.0,1.7,74,1.0,4778629
0.00025,66,8,17.0,1.7,100,1.0,3739738
0.00025,66,8,17.0,1.7,74,1.0,4859295
0.0005,66,1000,17.0,1.7,100,1.0,3789153
0.0005,66,1000,17.0,1.7,74,1.0,4734054
0.0005,66,100,17.0,1.7,100,1.0,3824397
0.0005,66,100,17.0,1.7,74,1.0,4729428
0.0005,66,10,17.0,1.7,100,1.0,3782428
0.0005,66,10,17.0,1.7,74,1.0,4918395
0.0005,66,1500,17.0,1.7,100,1.0,3786301
0.0005,66,1500,17.0,1.7,74,1.0,4809625
0.0005,66,200,17.0,1.7,100,1.0,3817344
0.0005,66,200,17.0,1.7,74,1.0,4784829
0.0005,66,20,17.0,1.7,100,1.0,3777541
0.0005,66,20,17.0,1.7,74,1.0,4947181
0.0005,66,3000,17.0,1.7,100,1.0,3876096
0.0005,66,3000,17.0,1.7,74,1.0,4757114
0.0005,66,400,17.0,1.7,100,1.0,3778090
0.0005,66,400,17.0,1.7,74,1.0,4793265
0.0005,66,40,17.0,1.7,100,1.0,3762096
0.0005,66,40,17.0,1.7,74,1.0,4798553
0.0005,66,4,17.0,1.7,100,1.0,3783008
0.0005,66,4,17.0,1.7,74,1.0,4811178
0.0005,66,5000,17.0,1.7,100,1.0,3671277
0.0005,66,5000,17.0,1.7,74,1.0,4730068
0.0005,66,8,17.0,1.7,100,1.0,3774476
0.0005,66,8,17.0,1.7,74,1.0,5024233
0.00075,66,1000,17.0,1.7,100,1.0,3749426
0.00075,66,1000,17.0,1.7,74,1.0,4666416
0.00075,66,100,17.0,1.7,100,1.0,3824806
0.00075,66,100,17.0,1.7,74,1.0,4773540
0.00075,66,10,17.0,1.7,100,1.0,3780577
0.00075,66,10,17.0,1.7,74,1.0,4828813
0.00075,66,1500,17.0,1.7,100,1.0,3690550
0.00075,66,1500,17.0,1.7,74,1.0,4834824
0.00075,66,200,17.0,1.7,100,1.0,3811238
0.00075,66,200,17.0,1.7,74,1.0,4784848
0.00075,66,20,17.0,1.7,100,1.0,3885090
0.00075,66,20,17.0,1.7,74,1.0,4806178
0.00075,66,3000,17.0,1.7,100,1.0,3727095
0.00075,66,3000,17.0,1.7,74,1.0,4853775
0.00075,66,400,17.0,1.7,100,1.0,3774587
0.00075,66,400,17.0,1.7,74,1.0,4821514
0.00075,66,40,17.0,1.7,100,1.0,3784629
0.00075,66,40,17.0,1.7,74,1.0,4977690
0.00075,66,4,17.0,1.7,100,1.0,3757976
0.00075,66,4,17.0,1.7,74,1.0,4914637
0.00075,66,5000,17.0,1.7,100,1.0,3719812
0.00075,66,5000,17.0,1.7,74,1.0,4843175
0.00075,66,8,17.0,1.7,100,1.0,3897602
0.00075,66,8,17.0,1.7,74,1.0,4815160
0.001,66,1000,17.0,1.7,100,1.0,3799361
0.001,66,1000,17.0,1.7,74,1.0,4771873
0.001,66,100,17.0,1.7,100,1.0,3824474
0.001,66,100,17.0,1.7,74,1.0,4956392
0.001,66,10,17.0,1.7,100,1.0,3810941
0.001,66,10,17.0,1.7,74,1.0,4860216
0.001,66,1500,17.0,1.7,100,1.0,3772969
0.001,66,1500,17.0,1.7,74,1.0,4755616
0.001,66,200,17.0,1.7,100,1.0,3796265
0.001,66,200,17.0,1.7,74,1.0,4944093
0.001,66,20,17.0,1.7,100,1.0,3854504
0.001,66,20,17.0,1.7,74,1.0,4951547
0.001,66,3000,17.0,1.7,100,1.0,3791135
0.001,66,3000,17.0,1.7,74,1.0,4697010
0.001,66,400,17.0,1.7,100,1.0,3729690
0.001,66,400,17.0,1.7,74,1.0,4749594
0.001,66,40,17.0,1.7,100,1.0,3703002
0.001,66,40,17.0,1.7,74,1.0,4913524
0.001,66,4,17.0,1.7,100,1.0,3738219
0.001,66,4,17.0,1.7,74,1.0,4918340
0.001,66,5000,17.0,1.7,100,1.0,3815626
0.001,66,5000,17.0,1.7,74,1.0,4813975
0.001,66,8,17.0,1.7,100,1.0,3770959
0.001,66,8,17.0,1.7,74,1.0,4812123
0.0025,66,1000,17.0,1.7,100,1.0,3753568
0.0025,66,1000,17.0,1.7,74,1.0,4816527
0.0025,66,100,17.0,1.7,100,1.0,3926759
0.0025,66,100,17.0,1.7,74,1.0,5065974
0.0025,66,10,17.0,1.7,100,1.0,3880123
0.0025,66,10,17.0,1.7,74,1.0,4955234
0.0025,66,1500,17.0,1.7,100,1.0,3783218
0.0025,66,1500,17.0,1.7,74,1.0,4815564
0.0025,66,200,17.0,1.7,100,1.0,3819188
0.0025,66,200,17.0,1.7,74,1.0,4911917
0.0025,66,20,17.0,1.7,100,1.0,3924117
0.0025,66,20,17.0,1.7,74,1.0,4985774
0.0025,66,3000,17.0,1.7,100,1.0,3797368
0.0025,66,3000,17.0,1.7,74,1.0,4747338
0.0025,66,400,17.0,1.7,100,1.0,3836283
0.0025,66,400,17.0,1.7,74,1.0,4928212
0.0025,66,40,17.0,1.7,100,1.0,3988687
0.0025,66,40,17.0,1.7,74,1.0,4947192
0.0025,66,4,17.0,1.7,100,1.0,3993885
0.0025,66,4,17.0,1.7,74,1.0,4894135
0.0025,66,5000,17.0,1.7,100,1.0,3724973
0.0025,66,5000,17.0,1.7,74,1.0,4798846
0.0025,66,8,17.0,1.7,100,1.0,3949433
0.0025,66,8,17.0,1.7,74,1.0,5077598
0.005,66,1000,17.0,1.7,100,1.0,3795838
0.005,66,1000,17.0,1.7,74,1.0,4862416
0.005,66,100,17.0,1.7,100,1.0,4044751
0.005,66,100,17.0,1.7,74,1.0,5273706
0.005,66,10,17.0,1.7,100,1.0,4022145
0.005,66,10,17.0,1.7,74,1.0,5277468
0.005,66,1500,17.0,1.7,100,1.0,3818301
0.005,66,1500,17.0,1.7,74,1.0,4880205
0.005,66,200,17.0,1.7,100,1.0,3962823
0.005,66,200,17.0,1.7,74,1.0,5042605
0.005,66,20,17.0,1.7,100,1.0,4039772
0.005,66,20,17.0,1.7,74,1.0,5320076
0.005,66,3000,17.0,1.7,100,1.0,3755977
0.005,66,3000,17.0,1.7,74,1.0,4744932
0.005,66,400,17.0,1.7,100,1.0,4019793
0.005,66,400,17.0,1.7,74,1.0,5083073
0.005,66,40,17.0,1.7,100,1.0,4123028
0.005,66,40,17.0,1.7,74,1.0,5259281
0.005,66,4,17.0,1.7,100,1.0,4120103
0.005,66,4,17.0,1.7,74,1.0,5326691
0.005,66,5000,17.0,1.7,100,1.0,3799322
0.005,66,5000,17.0,1.7,74,1.0,4690251
0.005,66,8,17.0,1.7,100,1.0,4040969
0.005,66,8,17.0,1.7,74,1.0,5125017
0.0075,66,1000,17.0,1.7,100,1.0,3902395
0.0075,66,1000,17.0,1.7,74,1.0,4908658
0.0075,66,100,17.0,1.7,100,1.0,4151388
0.0075,66,100,17.0,1.7,74,1.0,5400189
0.0075,66,10,17.0,1.7,100,1.0,4248304
0.0075,66,10,17.0,1.7,74,1.0,5299571
0.0075,66,1500,17.0,1.7,100,1.0,3840026
0.0075,66,1500,17.0,1.7,74,1.0,4912745
0.0075,66,200,17.0,1.7,100,1.0,4092346
0.0075,66,200,17.0,1.7,74,1.0,5381501
0.0075,66,20,17.0,1.7,100,1.0,4213651
0.0075,66,20,17.0,1.7,74,1.0,5429430
0.0075,66,3000,17.0,1.7,100,1.0,3744619
0.0075,66,3000,17.0,1.7,74,1.0,4767685
0.0075,66,400,17.0,1.7,100,1.0,4111332
0.0075,66,400,17.0,1.7,74,1.0,5165656
0.0075,66,40,17.0,1.7,100,1.0,4242345
0.0075,66,40,17.0,1.7,74,1.0,5328116
0.0075,66,4,17.0,1.7,100,1.0,4151919
0.0075,66,4,17.0,1.7,74,1.0,5292996
0.0075,66,5000,17.0,1.7,100,1.0,3703773
0.0075,66,5000,17.0,1.7,74,1.0,4771925
0.0075,66,8,17.0,1.7,100,1.0,4175302
0.0075,66,8,17.0,1.7,74,1.0,5488758
0.01,66,1000,17.0,1.7,100,1.0,3848129
0.01,66,1000,17.0,1.7,74,1.0,4959130
0.01,66,100,17.0,1.7,100,1.0,4408084
0.01,66,100,17.0,1.7,74,1.0,5581389
0.01,66,10,17.0,1.7,100,1.0,4303646
0.01,66,10,17.0,1.7,74,1.0,5736457
0.01,66,1500,17.0,1.7,100,1.0,3952454
0.01,66,1500,17.0,1.7,74,1.0,4845902
0.01,66,200,17.0,1.7,100,1.0,4290055
0.01,66,200,17.0,1.7,74,1.0,5300651
0.01,66,20,17.0,1.7,100,1.0,4402525
0.01,66,20,17.0,1.7,74,1.0,5717133
0.01,66,3000,17.0,1.7,100,1.0,3757406
0.01,66,3000,17.0,1.7,74,1.0,4759429
0.01,66,400,17.0,1.7,100,1.0,4227503
0.01,66,400,17.0,1.7,74,1.0,5324563
0.01,66,40,17.0,1.7,100,1.0,4344503
0.01,66,40,17.0,1.7,74,1.0,5595120
0.01,66,4,17.0,1.7,100,1.0,4455582
0.01,66,4,17.0,1.7,74,1.0,5799620
0.01,66,5000,17.0,1.7,100,1.0,3706997
0.01,66,5000,17.0,1.7,74,1.0,4795614
0.01,66,8,17.0,1.7,100,1.0,4426220
0.01,66,8,17.0,1.7,74,1.0,5682433
0.025,66,1000,17.0,1.7,100,1.0,4275080
0.025,66,1000,17.0,1.7,74,1.0,5392941
0.025,66,100,17.0,1.7,100,1.0,5226901
0.025,66,100,17.0,1.7,74,1.0,6796833
0.025,66,10,17.0,1.7,100,1.0,5218612
0.025,66,10,17.0,1.7,74,1.0,7028464
0.025,66,1500,17.0,1.7,100,1.0,4054599
0.025,66,1500,17.0,1.7,74,1.0,4923606
0.025,66,200,17.0,1.7,100,1.0,5187673
0.025,66,200,17.0,1.7,74,1.0,6540829
0.025,66,20,17.0,1.7,100,1.0,5317295
0.025,66,20,17.0,1.7,74,1.0,7057860
0.025,66,3000,17.0,1.7,100,1.0,3763205
0.025,66,3000,17.0,1.7,74,1.0,4592949
0.025,66,400,17.0,1.7,100,1.0,4831728
0.025,66,400,17.0,1.7,74,1.0,6055471
0.025,66,40,17.0,1.7,100,1.0,5334860
0.025,66,40,17.0,1.7,74,1.0,6864610
0.025,66,4,17.0,1.7,100,1.0,5341416
0.025,66,4,17.0,1.7,74,1.0,7063960
0.025,66,5000,17.0,1.7,100,1.0,3645226
0.025,66,5000,17.0,1.7,74,1.0,4716534
0.025,66,8,17.0,1.7,100,1.0,5474089
0.025,66,8,17.0,1.7,74,1.0,7026287
0.05,66,1000,17.0,1.7,100,1.0,4581023
0.05,66,1000,17.0,1.7,74,1.0,6250483
0.05,66,100,17.0,1.7,100,1.0,6503480
0.05,66,100,17.0,1.7,74,1.0,9110536
0.05,66,10,17.0,1.7,100,1.0,7062308
0.05,66,10,17.0,1.7,74,1.0,9640672
0.05,66,1500,17.0,1.7,100,1.0,4180203
0.05,66,1500,17.0,1.7,74,1.0,5547305
0.05,66,200,17.0,1.7,100,1.0,6128810
0.05,66,200,17.0,1.7,74,1.0,8585979
0.05,66,20,17.0,1.7,100,1.0,6852397
0.05,66,20,17.0,1.7,74,1.0,9715016
0.05,66,3000,17.0,1.7,100,1.0,3655663
0.05,66,3000,17.0,1.7,74,1.0,4928975
0.05,66,400,17.0,1.7,100,1.0,5778097
0.05,66,400,17.0,1.7,74,1.0,7938748
0.05,66,40,17.0,1.7,100,1.0,6829688
0.05,66,40,17.0,1.7,74,1.0,9454720
0.05,66,4,17.0,1.7,100,1.0,6973187
0.05,66,4,17.0,1.7,74,1.0,9867173
0.05,66,5000,17.0,1.7,100,1.0,3650509
0.05,66,5000,17.0,1.7,74,1.0,4951423
0.05,66,8,17.0,1.7,100,1.0,6936933
0.05,66,8,17.0,1.7,74,1.0,9783070
0.075,66,1000,17.0,1.7,100,1.0,5034548
0.075,66,1000,17.0,1.7,74,1.0,6860874
0.075,66,100,17.0,1.7,100,1.0,7933659
0.075,66,100,17.0,1.7,74,1.0,11074553
0.075,66,10,17.0,1.7,100,1.0,8406631
0.075,66,10,17.0,1.7,74,1.0,11787055
0.075,66,1500,17.0,1.7,100,1.0,4339198
0.075,66,1500,17.0,1.7,74,1.0,5770701
0.075,66,200,17.0,1.7,100,1.0,7407951
0.075,66,200,17.0,1.7,74,1.0,10279632
0.075,66,20,17.0,1.7,100,1.0,8263771
0.075,66,20,17.0,1.7,74,1.0,11590851
0.075,66,3000,17.0,1.7,100,1.0,3621381
0.075,66,3000,17.0,1.7,74,1.0,4795054
0.075,66,400,17.0,1.7,100,1.0,6694358
0.075,66,400,17.0,1.7,74,1.0,9165979
0.075,66,40,17.0,1.7,100,1.0,8173245
0.075,66,40,17.0,1.7,74,1.0,11539938
0.075,66,4,17.0,1.7,100,1.0,8485521
0.075,66,4,17.0,1.7,74,1.0,11978501
0.075,66,5000,17.0,1.7,100,1.0,3485043
0.075,66,5000,17.0,1.7,74,1.0,4836794
0.075,66,8,17.0,1.7,100,1.0,8398650
0.075,66,8,17.0,1.7,74,1.0,11955631
0.1,66,1000,17.0,1.7,100,1.0,5972106
0.1,66,1000,17.0,1.7,74,1.0,7288952
0.1,66,100,17.0,1.7,100,1.0,9984433
0.1,66,100,17.0,1.7,74,1.0,12671727
0.1,66,10,17.0,1.7,100,1.0,10611111
0.1,66,10,17.0,1.7,74,1.0,13568092
0.1,66,1500,17.0,1.7,100,1.0,4913007
0.1,66,1500,17.0,1.7,74,1.0,5998994
0.1,66,200,17.0,1.7,100,1.0,9293642
0.1,66,200,17.0,1.7,74,1.0,11918085
0.1,66,20,17.0,1.7,100,1.0,10605546
0.1,66,20,17.0,1.7,74,1.0,13641216
0.1,66,3000,17.0,1.7,100,1.0,3962475
0.1,66,3000,17.0,1.7,74,1.0,4866006
0.1,66,400,17.0,1.7,100,1.0,8183013
0.1,66,400,17.0,1.7,74,1.0,10385480
0.1,66,40,17.0,1.7,100,1.0,10583740
0.1,66,40,17.0,1.7,74,1.0,13200134
0.1,66,4,17.0,1.7,100,1.0,10703757
0.1,66,4,17.0,1.7,74,1.0,13499801
0.1,66,5000,17.0,1.7,100,1.0,3899240
0.1,66,5000,17.0,1.7,74,1.0,4751381
0.1,66,8,17.0,1.7,100,1.0,10845389
0.1,66,8,17.0,1.7,74,1.0,13828829
0.0001,50,1000,17.0,17.0,100,1.0,2031529
0.0001,50,1000,17.0,17.0,74,1.0,2559717
0.0001,50,100,17.0,17.0,100,1.0,2012897
0.0001,50,100,17.0,17.0,74,1.0,2552956
0.0001,50,10,17.0,17.0,100,1.0,1955223
0.0001,50,10,17.0,17.0,74,1.0,2560075
0.0001,50,1500,17.0,17.0,100,1.0,2038314
0.0001,50,1500,17.0,17.0,74,1.0,2550183
0.0001,50,200,17.0,17.0,100,1.0,2001881
0.0001,50,200,17.0,17.0,74,1.0,2574178
0.0001,50,20,17.0,17.0,100,1.0,2031673
0.0001,50,20,17.0,17.0,74,1.0,2585762
0.0001,50,3000,17.0,17.0,100,1.0,1971267
0.0001,50,3000,17.0,17.0,74,1.0,2580986
0.0001,50,400,17.0,17.0,100,1.0,2027574
0.0001,50,400,17.0,17.0,74,1.0,2600464
0.0001,50,40,17.0,17.0,100,1.0,2092131
0.0001,50,40,17.0,17.0,74,1.0,2540878
0.0001,50,4,17.0,17.0,100,1.0,1947239
0.0001,50,4,17.0,17.0,74,1.0,2561629
0.0001,50,5000,17.0,17.0,100,1.0,1986748
0.0001,50,5000,17.0,17.0,74,1.0,2536159
0.0001,50,8,17.0,17.0,100,1.0,2030105
0.0001,50,8,17.0,17.0,74,1.0,2554582
0.00025,50,1000,17.0,17.0,100,1.0,2035660
0.00025,50,1000,17.0,17.0,74,1.0,2612029
0.00025,50,100,17.0,17.0,100,1.0,1963669
0.00025,50,100,17.0,17.0,74,1.0,2595718
0.00025,50,10,17.0,17.0,100,1.0,2044733
0.00025,50,10,17.0,17.0,74,1.0,2605671
0.00025,50,1500,17.0,17.0,100,1.0,2030869
0.00025,50,1500,17.0,17.0,74,1.0,2506857
0.00025,50,200,17.0,17.0,100,1.0,2038359
0.00025,50,200,17.0,17.0,74,1.0,2676917
0.00025,50,20,17.0,17.0,100,1.0,2054120
0.00025,50,20,17.0,17.0,74,1.0,2537945
0.00025,50,3000,17.0,17.0,100,1.0,1960762
0.00025,50,3000,17.0,17.0,74,1.0,2545872
0.00025,50,400,17.0,17.0,100,1.0,2065875
0.00025,50,400,17.0,17.0,74,1.0,2600960
0.00025,50,40,17.0,17.0,100,1.0,1969871
0.00025,50,40,17.0,17.0,74,1.0,2517828
0.00025,50,4,17.0,17.0,100,1.0,2095543
0.00025,50,4,17.0,17.0,74,1.0,2617469
0.00025,50,5000,17.0,17.0,100,1.0,2002168
0.00025,50,5000,17.0,17.0,74,1.0,2558835
0.00025,50,8,17.0,17.0,100,1.0,2023749
0.00025,50,8,17.0,17.0,74,1.0,2545340
0.0005,50,1000,17.0,17.0,100,1.0,2023297
0.0005,50,1000,17.0,17.0,74,1.0,2705326
0.0005,50,100,17.0,17.0,100,1.0,2020617
0.0005,50,100,17.0,17.0,74,1.0,2620874
0.0005,50,10,17.0,17.0,100,1.0,2058962
0.0005,50,10,17.0,17.0,74,1.0,2554036
0.0005,50,1500,17.0,17.0,100,1.0,1990334
0.0005,50,1500,17.0,17.0,74,1.0,2533315
0.0005,50,200,17.0,17.0,100,1.0,1999771
0.0005,50,200,17.0,17.0,74,1.0,2639409
0.0005,50,20,17.0,17.0,100,1.0,2025843
0.0005,50,20,17.0,17.0,74,1.0,2596369
0.0005,50,3000,17.0,17.0,100,1.0,1960281
0.0005,50,3000,17.0,17.0,74,1.0,2613138
0.0005,50,400,17.0,17.0,100,1.0,2064414
0.0005,50,400,17.0,17.0,74,1.0,2550600
0.0005,50,40,17.0,17.0,100,1.0,1994513
0.0005,50,40,17.0,17.0,74,1.0,2649854
0.0005,50,4,17.0,17.0,100,1.0,2077211
0.0005,50,4,17.0,17.0,74,1.0,2608240
0.0005,50,5000,17.0,17.0,100,1.0,1996698
0.0005,50,5000,17.0,17.0,74,1.0,2593764
0.0005,50,8,17.0,17.0,100,1.0,2036302
0.0005,50,8,17.0,17.0,74,1.0,2503398
0.00075,50,1000,17.0,17.0,100,1.0,2006100
0.00075,50,1000,17.0,17.0,74,1.0,2588618
0.00075,50,100,17.0,17.0,100,1.0,2065649
0.00075,50,100,17.0,17.0,74,1.0,2614114
0.00075,50,10,17.0,17.0,100,1.0,2073986
0.00075,50,10,17.0,17.0,74,1.0,2584847
0.00075,50,1500,17.0,17.0,100,1.0,2063641
0.00075,50,1500,17.0,17.0,74,1.0,2604910
0.00075,50,200,17.0,17.0,100,1.0,2042774
0.00075,50,200,17.0,17.0,74,1.0,2542489
0.00075,50,20,17.0,17.0,100,1.0,2091259
0.00075,50,20,17.0,17.0,74,1.0,2543098
0.00075,50,3000,17.0,17.0,100,1.0,2045985
0.00075,50,3000,17.0,17.0,74,1.0,2596339
0.00075,50,400,17.0,17.0,100,1.0,2029230
0.00075,50,400,17.0,17.0,74,1.0,2593595
0.00075,50,40,17.0,17.0,100,1.0,2020316
0.00075,50,40,17.0,17.0,74,1.0,2650511
0.00075,50,4,17.0,17.0,100,1.0,2057720
0.00075,50,4,17.0,17.0,74,1.0,2596548
0.00075,50,5000,17.0,17.0,100,1.0,1990446
0.00075,50,5000,17.0,17.0,74,1.0,2556450
0.00075,50,8,17.0,17.0,100,1.0,2029655
0.00075,50,8,17.0,17.0,74,1.0,2591584
0.001,50,1000,17.0,17.0,100,1.0,1991398
0.001,50,1000,17.0,17.0,74,1.0,2571418
0.001,50,100,17.0,17.0,100,1.0,2071287
0.001,50,100,17.0,17.0,74,1.0,2620120
0.001,50,10,17.0,17.0,100,1.0,2002621
0.001,50,10,17.0,17.0,74,1.0,2663618
0.001,50,1500,17.0,17.0,100,1.0,2021103
0.001,50,1500,17.0,17.0,74,1.0,2564281
0.001,50,200,17.0,17.0,100,1.0,2024508
0.001,50,200,17.0,17.0,74,1.0,2617998
0.001,50,20,17.0,17.0,100,1.0,2081907
0.001,50,20,17.0,17.0,74,1.0,2661284
0.001,50,3000,17.0,17.0,100,1.0,2032271
0.001,50,3000,17.0,17.0,74,1.0,2605486
0.001,50,400,17.0,17.0,100,1.0,2030667
0.001,50,400,17.0,17.0,74,1.0,2610938
0.001,50,40,17.0,17.0,100,1.0,1983533
0.001,50,40,17.0,17.0,74,1.0,2592871
0.001,50,4,17.0,17.0,100,1.0,2021792
0.001,50,4,17.0,17.0,74,1.0,2584726
0.001,50,5000,17.0,17.0,100,1.0,2038977
0.001,50,5000,17.0,17.0,74,1.0,2550981
0.001,50,8,17.0,17.0,100,1.0,2073798
0.001,50,8,17.0,17.0,74,1.0,2605164
0.0025,50,1000,17.0,17.0,100,1.0,2057147
0.0025,50,1000,17.0,17.0,74,1.0,2611942
0.0025,50,100,17.0,17.0,100,1.0,2096965
0.0025,50,100,17.0,17.0,74,1.0,2738746
0.0025,50,10,17.0,17.0,100,1.0,2138038
0.0025,50,10,17.0,17.0,74,1.0,2742724
0.0025,50,1500,17.0,17.0,100,1.0,2043607
0.0025,50,1500,17.0,17.0,74,1.0,2551707
0.0025,50,200,17.0,17.0,100,1.0,2082542
0.0025,50,200,17.0,17.0,74,1.0,2665703
0.0025,50,20,17.0,17.0,100,1.0,2123028
0.0025,50,20,17.0,17.0,74,1.0,2708193
0.0025,50,3000,17.0,17.0,100,1.0,2004709
0.0025,50,3000,17.0,17.0,74,1.0,2544867
0.0025,50,400,17.0,17.0,100,1.0,2136586
0.0025,50,400,17.0,17.0,74,1.0,2650300
0.0025,50,40,17.0,17.0,100,1.0,2080000
0.0025,50,40,17.0,17.0,74,1.0,2691164
0.0025,50,4,17.0,17.0,100,1.0,2113819
0.0025,50,4,17.0,17.0,74,1.0,2712476
0.0025,50,5000,17.0,17.0,100,1.0,2003750
0.0025,50,5000,17.0,17.0,74,1.0,2535846
0.0025,50,8,17.0,17.0,100,1.0,2114572
0.0025,50,8,17.0,17.0,74,1.0,2661974
0.005,50,1000,17.0,17.0,100,1.0,2035408
0.005,50,1000,17.0,17.0,74,1.0,2672883
0.005,50,100,17.0,17.0,100,1.0,2197906
0.005,50,100,17.0,17.0,74,1.0,2851445
0.005,50,10,17.0,17.0,100,1.0,2164426
0.005,50,10,17.0,17.0,74,1.0,2849931
0.005,50,1500,17.0,17.0,100,1.0,2007781
0.005,50,1500,17.0,17.0,74,1.0,2556476
0.005,50,200,17.0,17.0,100,1.0,2177485
0.005,50,200,17.0,17.0,74,1.0,2769395
0.005,50,20,17.0,17.0,100,1.0,2199639
0.005,50,20,17.0,17.0,74,1.0,2897216
0.005,50,3000,17.0,17.0,100,1.0,1997296
0.005,50,3000,17.0,17.0,74,1.0,2518752
0.005,50,400,17.0,17.0,100,1.0,2181110
0.005,50,400,17.0,17.0,74,1.0,2729864
0.005,50,40,17.0,17.0,100,1.0,2212297
0.005,50,40,17.0,17.0,74,1.0,2840083
0.005,50,4,17.0,17.0,100,1.0,2203857
0.005,50,4,17.0,17.0,74,1.0,2856577
0.005,50,5000,17.0,17.0,100,1.0,2038058
0.005,50,5000,17.0,17.0,74,1.0,2546369
0.005,50,8,17.0,17.0,100,1.0,2282019
0.005,50,8,17.0,17.0,74,1.0,2837576
0.0075,50,1000,17.0,17.0,100,1.0,2145570
0.0075,50,1000,17.0,17.0,74,1.0,2572069
0.0075,50,100,17.0,17.0,100,1.0,2299213
0.0075,50,100,17.0,17.0,74,1.0,2904426
0.0075,50,10,17.0,17.0,100,1.0,2402711
0.0075,50,10,17.0,17.0,74,1.0,3065112
0.0075,50,1500,17.0,17.0,100,1.0,2083371
0.0075,50,1500,17.0,17.0,74,1.0,2580670
0.0075,50,200,17.0,17.0,100,1.0,2291226
0.0075,50,200,17.0,17.0,74,1.0,2856987
0.0075,50,20,17.0,17.0,100,1.0,2316783
0.0075,50,20,17.0,17.0,74,1.0,3023539
0.0075,50,3000,17.0,17.0,100,1.0,1994831
0.0075,50,3000,17.0,17.0,74,1.0,2548324
0.0075,50,400,17.0,17.0,100,1.0,2204664
0.0075,50,400,17.0,17.0,74,1.0,2862793
0.0075,50,40,17.0,17.0,100,1.0,2312533
0.0075,50,40,17.0,17.0,74,1.0,3045256
0.0075,50,4,17.0,17.0,100,1.0,2353286
0.0075,50,4,17.0,17.0,74,1.0,2982868
0.0075,50,5000,17.0,17.0,100,1.0,2030845
0.0075,50,5000,17.0,17.0,74,1.0,2432756
0.0075,50,8,17.0,17.0,100,1.0,2313989
0.0075,50,8,17.0,17.0,74,1.0,3017334
0.01,50,1000,17.0,17.0,100,1.0,2089922
0.01,50,1000,17.0,17.0,74,1.0,2653166
0.01,50,100,17.0,17.0,100,1.0,2388548
0.01,50,100,17.0,17.0,74,1.0,3092651
0.01,50,10,17.0,17.0,100,1.0,2460617
0.01,50,10,17.0,17.0,74,1.0,3136051
0.01,50,1500,17.0,17.0,100,1.0,2005151
0.01,50,1500,17.0,17.0,74,1.0,2500879
0.01,50,200,17.0,17.0,100,1.0,2325621
0.01,50,200,17.0,17.0,74,1.0,3001410
0.01,50,20,17.0,17.0,100,1.0,2423381
0.01,50,20,17.0,17.0,74,1.0,3140615
0.01,50,3000,17.0,17.0,100,1.0,2023966
0.01,50,3000,17.0,17.0,74,1.0,2595639
0.01,50,400,17.0,17.0,100,1.0,2246964
0.01,50,400,17.0,17.0,74,1.0,2872286
0.01,50,40,17.0,17.0,100,1.0,2430185
0.01,50,40,17.0,17.0,74,1.0,3033198
0.01,50,4,17.0,17.0,100,1.0,2430196
0.01,50,4,17.0,17.0,74,1.0,3215264
0.01,50,5000,17.0,17.0,100,1.0,2033738
0.01,50,5000,17.0,17.0,74,1.0,2513436
0.01,50,8,17.0,17.0,100,1.0,2467514
0.01,50,8,17.0,17.0,74,1.0,3108000
0.025,50,1000,17.0,17.0,100,1.0,2263868
0.025,50,1000,17.0,17.0,74,1.0,2900867
0.025,50,100,17.0,17.0,100,1.0,3048019
0.025,50,100,17.0,17.0,74,1.0,3739872
0.025,50,10,17.0,17.0,100,1.0,3128711
0.025,50,10,17.0,17.0,74,1.0,3985117
0.025,50,1500,17.0,17.0,100,1.0,2145774
0.025,50,1500,17.0,17.0,74,1.0,2654636
0.025,50,200,17.0,17.0,100,1.0,2810813
0.025,50,200,17.0,17.0,74,1.0,3726246
0.025,50,20,17.0,17.0,100,1.0,3111492
0.025,50,20,17.0,17.0,74,1.0,3985709
0.025,50,3000,17.0,17.0,100,1.0,1984266
0.025,50,3000,17.0,17.0,74,1.0,2503801
0.025,50,400,17.0,17.0,100,1.0,2586211
0.025,50,400,17.0,17.0,74,1.0,3325465
0.025,50,40,17.0,17.0,100,1.0,3072291
0.025,50,40,17.0,17.0,74,1.0,3802892
0.025,50,4,17.0,17.0,100,1.0,3068818
0.025,50,4,17.0,17.0,74,1.0,4064085
0.025,50,5000,17.0,17.0,100,1.0,1980062
0.025,50,5000,17.0,17.0,74,1.0,2538504
0.025,50,8,17.0,17.0,100,1.0,3069571
0.025,50,8,17.0,17.0,74,1.0,4077624
0.05,50,1000,17.0,17.0,100,1.0,2536796
0.05,50,1000,17.0,17.0,74,1.0,3287384
0.05,50,100,17.0,17.0,100,1.0,3848526
0.05,50,100,17.0,17.0,74,1.0,5334762
0.05,50,10,17.0,17.0,100,1.0,4185805
0.05,50,10,17.0,17.0,74,1.0,5755072
0.05,50,1500,17.0,17.0,100,1.0,2222348
0.05,50,1500,17.0,17.0,74,1.0,2956564
0.05,50,200,17.0,17.0,100,1.0,3555722
0.05,50,200,17.0,17.0,74,1.0,5057620
0.05,50,20,17.0,17.0,100,1.0,4053275
0.05,50,20,17.0,17.0,74,1.0,5848798
0.05,50,3000,17.0,17.0,100,1.0,1937643
0.05,50,3000,17.0,17.0,74,1.0,2582071
0.05,50,400,17.0,17.0,100,1.0,3188346
0.05,50,400,17.0,17.0,74,1.0,4309420
0.05,50,40,17.0,17.0,100,1.0,4046969
0.05,50,40,17.0,17.0,74,1.0,5612746
0.05,50,4,17.0,17.0,100,1.0,4212864
0.05,50,4,17.0,17.0,74,1.0,5965971
0.05,50,5000,17.0,17.0,100,1.0,1972978
0.05,50,5000,17.0,17.0,74,1.0,2607102
0.05,50,8,17.0,17.0,100,1.0,4149604
0.05,50,8,17.0,17.0,74,1.0,5955655
0.075,50,1000,17.0,17.0,100,1.0,2674971
0.075,50,1000,17.0,17.0,74,1.0,3652663
0.075,50,100,17.0,17.0,100,1.0,4694522
0.075,50,100,17.0,17.0,74,1.0,6642368
0.075,50,10,17.0,17.0,100,1.0,5016060
0.075,50,10,17.0,17.0,74,1.0,7357059
0.075,50,1500,17.0,17.0,100,1.0,2227219
0.075,50,1500,17.0,17.0,74,1.0,3025564
0.075,50,200,17.0,17.0,100,1.0,4289078
0.075,50,200,17.0,17.0,74,1.0,6131531
0.075,50,20,17.0,17.0,100,1.0,5026107
0.075,50,20,17.0,17.0,74,1.0,7133487
0.075,50,3000,17.0,17.0,100,1.0,1955273
0.075,50,3000,17.0,17.0,74,1.0,2582447
0.075,50,400,17.0,17.0,100,1.0,3771157
0.075,50,400,17.0,17.0,74,1.0,5201981
0.075,50,40,17.0,17.0,100,1.0,4872385
0.075,50,40,17.0,17.0,74,1.0,6918899
0.075,50,4,17.0,17.0,100,1.0,5171778
0.075,50,4,17.0,17.0,74,1.0,7297851
0.075,50,5000,17.0,17.0,100,1.0,1926350
0.075,50,5000,17.0,17.0,74,1.0,2583944
0.075,50,8,17.0,17.0,100,1.0,5028932
0.075,50,8,17.0,17.0,74,1.0,7214027
0.1,50,1000,17.0,17.0,100,1.0,3200098
0.1,50,1000,17.0,17.0,74,1.0,3860891
0.1,50,100,17.0,17.0,100,1.0,6020671
0.1,50,100,17.0,17.0,74,1.0,7540179
0.1,50,10,17.0,17.0,100,1.0,6665401
0.1,50,10,17.0,17.0,74,1.0,8508154
0.1,50,1500,17.0,17.0,100,1.0,2597709
0.1,50,1500,17.0,17.0,74,1.0,3152703
0.1,50,200,17.0,17.0,100,1.0,5525164
0.1,50,200,17.0,17.0,74,1.0,7059219
0.1,50,20,17.0,17.0,100,1.0,6490379
0.1,50,20,17.0,17.0,74,1.0,8378962
0.1,50,3000,17.0,17.0,100,1.0,2068912
0.1,50,3000,17.0,17.0,74,1.0,2647239
0.1,50,400,17.0,17.0,100,1.0,4646766
0.1,50,400,17.0,17.0,74,1.0,5946486
0.1,50,40,17.0,17.0,100,1.0,6396042
0.1,50,40,17.0,17.0,74,1.0,8262904
0.1,50,4,17.0,17.0,100,1.0,6743537
0.1,50,4,17.0,17.0,74,1.0,8548586
0.1,50,5000,17.0,17.0,100,1.0,2103162
0.1,50,5000,17.0,17.0,74,1.0,2472089
0.1,50,8,17.0,17.0,100,1.0,6651806
0.1,50,8,17.0,17.0,74,1.0,8476667
0.0001,66,1000,17.0,17.0,100,1.0,2083305
0.0001,66,1000,17.0,17.0,74,1.0,2660694
0.0001,66,100,17.0,17.0,100,1.0,2073123
0.0001,66,100,17.0,17.0,74,1.0,2689282
0.0001,66,10,17.0,17.0,100,1.0,2111231
0.0001,66,10,17.0,17.0,74,1.0,2710256
0.0001,66,1500,17.0,17.0,100,1.0,2146761
0.0001,66,1500,17.0,17.0,74,1.0,2686475
0.0001,66,200,17.0,17.0,100,1.0,2072116
0.0001,66,200,17.0,17.0,74,1.0,2723294
0.0001,66,20,17.0,17.0,100,1.0,2160552
0.0001,66,20,17.0,17.0,74,1.0,2679376
0.0001,66,3000,17.0,17.0,100,1.0,2143806
0.0001,66,3000,17.0,17.0,74,1.0,2670510
0.0001,66,400,17.0,17.0,100,1.0,2073904
0.0001,66,400,17.0,17.0,74,1.0,2739614
0.0001,66,40,17.0,17.0,100,1.0,2150515
0.0001,66,40,17.0,17.0,74,1.0,2733353
0.0001,66,4,17.0,17.0,100,1.0,2205572
0.0001,66,4,17.0,17.0,74,1.0,2785074
0.0001,66,5000,17.0,17.0,100,1.0,2114151
0.0001,66,5000,17.0,17.0,74,1.0,2770896
0.0001,66,8,17.0,17.0,100,1.0,2079700
0.0001,66,8,17.0,17.0,74,1.0,2700145
0.00025,66,1000,17.0,17.0,100,1.0,2068561
0.00025,66,1000,17.0,17.0,74,1.0,2691753
0.00025,66,100,17.0,17.0,100,1.0,2083658
0.00025,66,100,17.0,17.0,74,1.0,2772189
0.00025,66,10,17.0,17.0,100,1.0,2160581
0.00025,66,10,17.0,17.0,74,1.0,2673086
0.00025,66,1500,17.0,17.0,100,1.0,2090139
0.00025,66,1500,17.0,17.0,74,1.0,2718291
0.00025,66,200,17.0,17.0,100,1.0,2165293
0.00025,66,200,17.0,17.0,74,1.0,2717710
0.00025,66,20,17.0,17.0,100,1.0,2121430
0.00025,66,20,17.0,17.0,74,1.0,2699286
0.00025,66,3000,17.0,17.0,100,1.0,2154606
0.00025,66,3000,17.0,17.0,74,1.0,2671810
0.00025,66,400,17.0,17.0,100,1.0,2091594
0.00025,66,400,17.0,17.0,74,1.0,2738380
0.00025,66,40,17.0,17.0,100,1.0,2095335
0.00025,66,40,17.0,17.0,74,1.0,2716349
0.00025,66,4,17.0,17.0,100,1.0,2115295
0.00025,66,4,17.0,17.0,74,1.0,2783396
0.00025,66,5000,17.0,17.0,100,1.0,2131909
0.00025,66,5000,17.0,17.0,74,1.0,2596039
0.00025,66,8,17.0,17.0,100,1.0,2087594
0.00025,66,8,17.0,17.0,74,1.0,2731115
0.0005,66,1000,17.0,17.0,100,1.0,2224783
0.0005,66,1000,17.0,17.0,74,1.0,2681517
0.0005,66,100,17.0,17.0,100,1.0,2155613
0.0005,66,100,17.0,17.0,74,1.0,2704777
0.0005,66,10,17.0,17.0,100,1.0,2149809
0.0005,66,10,17.0,17.0,74,1.0,2702515
0.0005,66,1500,17.0,17.0,100,1.0,2010847
0.0005,66,1500,17.0,17.0,74,1.0,2719033
0.0005,66,200,17.0,17.0,100,1.0,2164812
0.0005,66,200,17.0,17.0,74,1.0,2741456
0.0005,66,20,17.0,17.0,100,1.0,2032692
0.0005,66,20,17.0,17.0,74,1.0,2613782
0.0005,66,3000,17.0,17.0,100,1.0,2149728
0.0005,66,3000,17.0,17.0,74,1.0,2618271
0.0005,66,400,17.0,17.0,100,1.0,2051276
0.0005,66,400,17.0,17.0,74,1.0,2634063
0.0005,66,40,17.0,17.0,100,1.0,2066260
0.0005,66,40,17.0,17.0,74,1.0,2647350
0.0005,66,4,17.0,17.0,100,1.0,2054193
0.0005,66,4,17.0,17.0,74,1.0,2786610
0.0005,66,5000,17.0,17.0,100,1.0,2086588
0.0005,66,5000,17.0,17.0,74,1.0,2619618
0.0005,66,8,17.0,17.0,100,1.0,2137457
0.0005,66,8,17.0,17.0,74,1.0,2739890
0.00075,66,1000,17.0,17.0,100,1.0,2084028
0.00075,66,1000,17.0,17.0,74,1.0,2711466
0.00075,66,100,17.0,17.0,100,1.0,2139940
0.00075,66,100,17.0,17.0,74,1.0,2712276
0.00075,66,10,17.0,17.0,100,1.0,2214919
0.00075,66,10,17.0,17.0,74,1.0,2759483
0.00075,66,1500,17.0,17.0,100,1.0,2134178
0.00075,66,1500,17.0,17.0,74,1.0,2676959
0.00075,66,200,17.0,17.0,100,1.0,2152377
0.00075,66,200,17.0,17.0,74,1.0,2721130
0.00075,66,20,17.0,17.0,100,1.0,2172196
0.00075,66,20,17.0,17.0,74,1.0,2743833
0.00075,66,3000,17.0,17.0,100,1.0,2125415
0.00075,66,3000,17.0,17.0,74,1.0,2764155
0.00075,66,400,17.0,17.0,100,1.0,2103320
0.00075,66,400,17.0,17.0,74,1.0,2737654
0.00075,66,40,17.0,17.0,100,1.0,2154036
0.00075,66,40,17.0,17.0,74,1.0,2636615
0.00075,66,4,17.0,17.0,100,1.0,2060629
0.00075,66,4,17.0,17.0,74,1.0,2807480
0.00075,66,5000,17.0,17.0,100,1.0,2059991
0.00075,66,5000,17.0,17.0,74,1.0,2632174
0.00075,66,8,17.0,17.0,100,1.0,2180397
0.00075,66,8,17.0,17.0,74,1.0,2847565
0.001,66,1000,17.0,17.0,100,1.0,2137761
0.001,66,1000,17.0,17.0,74,1.0,2641292
0.001,66,100,17.0,17.0,100,1.0,2128813
0.001,66,100,17.0,17.0,74,1.0,2727972
0.001,66,10,17.0,17.0,100,1.0,2159995
0.001,66,10,17.0,17.0,74,1.0,2749397
0.001,66,1500,17.0,17.0,100,1.0,2093302
0.001,66,1500,17.0,17.0,74,1.0,2739551
0.001,66,200,17.0,17.0,100,1.0,2143669
0.001,66,200,17.0,17.0,74,1.0,2822664
0.001,66,20,17.0,17.0,100,1.0,2201796
0.001,66,20,17.0,17.0,74,1.0,2701945
0.001,66,3000,17.0,17.0,100,1.0,2151783
0.001,66,3000,17.0,17.0,74,1.0,2621513
0.001,66,400,17.0,17.0,100,1.0,2119383
0.001,66,400,17.0,17.0,74,1.0,2636619
0.001,66,40,17.0,17.0,100,1.0,2172390
0.001,66,40,17.0,17.0,74,1.0,2600889
0.001,66,4,17.0,17.0,100,1.0,2073130
0.001,66,4,17.0,17.0,74,1.0,2822147
0.001,66,5000,17.0,17.0,100,1.0,2153019
0.001,66,5000,17.0,17.0,74,1.0,2743344
0.001,66,8,17.0,17.0,100,1.0,2100391
0.001,66,8,17.0,17.0,74,1.0,2776961
0.0025,66,1000,17.0,17.0,100,1.0,2125889
0.0025,66,1000,17.0,17.0,74,1.0,2728657
0.0025,66,100,17.0,17.0,100,1.0,2195816
0.0025,66,100,17.0,17.0,74,1.0,2808454
0.0025,66,10,17.0,17.0,100,1.0,2237938
0.0025,66,10,17.0,17.0,74,1.0,2839618
0.0025,66,1500,17.0,17.0,100,1.0,2196705
0.0025,66,1500,17.0,17.0,74,1.0,2710701
0.0025,66,200,17.0,17.0,100,1.0,2181263
0.0025,66,200,17.0,17.0,74,1.0,2827422
0.0025,66,20,17.0,17.0,100,1.0,2187901
0.0025,66,20,17.0,17.0,74,1.0,2814267
0.0025,66,3000,17.0,17.0,100,1.0,2100179
0.0025,66,3000,17.0,17.0,74,1.0,2800234
0.0025,66,400,17.0,17.0,100,1.0,2176968
0.0025,66,400,17.0,17.0,74,1.0,2763091
0.0025,66,40,17.0,17.0,100,1.0,2194608
0.0025,66,40,17.0,17.0,74,1.0,2865197
0.0025,66,4,17.0,17.0,100,1.0,2202783
0.0025,66,4,17.0,17.0,74,1.0,2935070
0.0025,66,5000,17.0,17.0,100,1.0,2156353
0.0025,66,5000,17.0,17.0,74,1.0,2643063
0.0025,66,8,17.0,17.0,100,1.0,2243573
0.0025,66,8,17.0,17.0,74,1.0,2779570
0.005,66,1000,17.0,17.0,100,1.0,2215673
0.005,66,1000,17.0,17.0,74,1.0,2821191
0.005,66,100,17.0,17.0,100,1.0,2274203
0.005,66,100,17.0,17.0,74,1.0,2815502
0.005,66,10,17.0,17.0,100,1.0,2272134
0.005,66,10,17.0,17.0,74,1.0,2999358
0.005,66,1500,17.0,17.0,100,1.0,2140340
0.005,66,1500,17.0,17.0,74,1.0,2646515
0.005,66,200,17.0,17.0,100,1.0,2285649
0.005,66,200,17.0,17.0,74,1.0,2891749
0.005,66,20,17.0,17.0,100,1.0,2271298
0.005,66,20,17.0,17.0,74,1.0,3056525
0.005,66,3000,17.0,17.0,100,1.0,2127694
0.005,66,3000,17.0,17.0,74,1.0,2696784
0.005,66,400,17.0,17.0,100,1.0,2270263
0.005,66,400,17.0,17.0,74,1.0,2798473
0.005,66,40,17.0,17.0,100,1.0,2272313
0.005,66,40,17.0,17.0,74,1.0,2899203
0.005,66,4,17.0,17.0,100,1.0,2287911
0.005,66,4,17.0,17.0,74,1.0,2996330
0.005,66,5000,17.0,17.0,100,1.0,2115623
0.005,66,5000,17.0,17.0,74,1.0,2766778
0.005,66,8,17.0,17.0,100,1.0,2357487
0.005,66,8,17.0,17.0,74,1.0,2841418
0.0075,66,1000,17.0,17.0,100,1.0,2192308
0.0075,66,1000,17.0,17.0,74,1.0,2827822
0.0075,66,100,17.0,17.0,100,1.0,2403187
0.0075,66,100,17.0,17.0,74,1.0,2961331
0.0075,66,10,17.0,17.0,100,1.0,2388613
0.0075,66,10,17.0,17.0,74,1.0,3043060
0.0075,66,1500,17.0,17.0,100,1.0,2115726
0.0075,66,1500,17.0,17.0,74,1.0,2789630
0.0075,66,200,17.0,17.0,100,1.0,2338630
0.0075,66,200,17.0,17.0,74,1.0,3020472
0.0075,66,20,17.0,17.0,100,1.0,2413271
0.0075,66,20,17.0,17.0,74,1.0,3094721
0.0075,66,3000,17.0,17.0,100,1.0,2090258
0.0075,66,3000,17.0,17.0,74,1.0,2686964
0.0075,66,400,17.0,17.0,100,1.0,2299873
0.0075,66,400,17.0,17.0,74,1.0,2905292
0.0075,66,40,17.0,17.0,100,1.0,2390787
0.0075,66,40,17.0,17.0,74,1.0,3026719
0.0075,66,4,17.0,17.0,100,1.0,2453122
0.0075,66,4,17.0,17.0,74,1.0,3146991
0.0075,66,5000,17.0,17.0,100,1.0,2122256
0.0075,66,5000,17.0,17.0,74,1.0,2757757
0.0075,66,8,17.0,17.0,100,1.0,2419926
0.0075,66,8,17.0,17.0,74,1.0,3051309
0.01,66,1000,17.0,17.0,100,1.0,2315753
0.01,66,1000,17.0,17.0,74,1.0,2801578
0.01,66,100,17.0,17.0,100,1.0,2435085
0.01,66,100,17.0,17.0,74,1.0,3201419
0.01,66,10,17.0,17.0,100,1.0,2488097
0.01,66,10,17.0,17.0,74,1.0,3230906
0.01,66,1500,17.0,17.0,100,1.0,2199029
0.01,66,1500,17.0,17.0,74,1.0,2734281
0.01,66,200,17.0,17.0,100,1.0,2404504
0.01,66,200,17.0,17.0,74,1.0,3043721
0.01,66,20,17.0,17.0,100,1.0,2556514
0.01,66,20,17.0,17.0,74,1.0,3183221
0.01,66,3000,17.0,17.0,100,1.0,2167689
0.01,66,3000,17.0,17.0,74,1.0,2636314
0.01,66,400,17.0,17.0,100,1.0,2362802
0.01,66,400,17.0,17.0,74,1.0,2941619
0.01,66,40,17.0,17.0,100,1.0,2481725
0.01,66,40,17.0,17.0,74,1.0,3097519
0.01,66,4,17.0,17.0,100,1.0,2471205
0.01,66,4,17.0,17.0,74,1.0,3244388
0.01,66,5000,17.0,17.0,100,1.0,2095760
0.01,66,5000,17.0,17.0,74,1.0,2670442
0.01,66,8,17.0,17.0,100,1.0,2387165
0.01,66,8,17.0,17.0,74,1.0,3197321
0.025,66,1000,17.0,17.0,100,1.0,2377028
0.025,66,1000,17.0,17.0,74,1.0,2910122
0.025,66,100,17.0,17.0,100,1.0,2895847
0.025,66,100,17.0,17.0,74,1.0,3813643
0.025,66,10,17.0,17.0,100,1.0,3056880
0.025,66,10,17.0,17.0,74,1.0,3836160
0.025,66,1500,17.0,17.0,100,1.0,2150819
0.025,66,1500,17.0,17.0,74,1.0,2793823
0.025,66,200,17.0,17.0,100,1.0,2889070
0.025,66,200,17.0,17.0,74,1.0,3584737
0.025,66,20,17.0,17.0,100,1.0,3012519
0.025,66,20,17.0,17.0,74,1.0,3995973
0.025,66,3000,17.0,17.0,100,1.0,2091373
0.025,66,3000,17.0,17.0,74,1.0,2786624
0.025,66,400,17.0,17.0,100,1.0,2656784
0.025,66,400,17.0,17.0,74,1.0,3383602
0.025,66,40,17.0,17.0,100,1.0,2955037
0.025,66,40,17.0,17.0,74,1.0,3848635
0.025,66,4,17.0,17.0,100,1.0,3049220
0.025,66,4,17.0,17.0,74,1.0,3993331
0.025,66,5000,17.0,17.0,100,1.0,2002784
0.025,66,5000,17.0,17.0,74,1.0,2637339
0.025,66,8,17.0,17.0,100,1.0,3134358
0.025,66,8,17.0,17.0,74,1.0,4025813
0.05,66,1000,17.0,17.0,100,1.0,2687561
0.05,66,1000,17.0,17.0,74,1.0,3451971
0.05,66,100,17.0,17.0,100,1.0,3729382
0.05,66,100,17.0,17.0,74,1.0,5179916
0.05,66,10,17.0,17.0,100,1.0,3914179
0.05,66,10,17.0,17.0,74,1.0,5531524
0.05,66,1500,17.0,17.0,100,1.0,2330138
0.05,66,1500,17.0,17.0,74,1.0,3188580
0.05,66,200,17.0,17.0,100,1.0,3505678
0.05,66,200,17.0,17.0,74,1.0,4921711
0.05,66,20,17.0,17.0,100,1.0,3858316
0.05,66,20,17.0,17.0,74,1.0,5454121
0.05,66,3000,17.0,17.0,100,1.0,2034649
0.05,66,3000,17.0,17.0,74,1.0,2816266
0.05,66,400,17.0,17.0,100,1.0,3158369
0.05,66,400,17.0,17.0,74,1.0,4389647
0.05,66,40,17.0,17.0,100,1.0,3818466
0.05,66,40,17.0,17.0,74,1.0,5463619
0.05,66,4,17.0,17.0,100,1.0,3875523
0.05,66,4,17.0,17.0,74,1.0,5427985
0.05,66,5000,17.0,17.0,100,1.0,2072413
0.05,66,5000,17.0,17.0,74,1.0,2712182
0.05,66,8,17.0,17.0,100,1.0,3922160
0.05,66,8,17.0,17.0,74,1.0,5430515
0.075,66,1000,17.0,17.0,100,1.0,2953873
0.075,66,1000,17.0,17.0,74,1.0,3896997
0.075,66,100,17.0,17.0,100,1.0,4421359
0.075,66,100,17.0,17.0,74,1.0,6214853
0.075,66,10,17.0,17.0,100,1.0,4600599
0.075,66,10,17.0,17.0,74,1.0,6627510
0.075,66,1500,17.0,17.0,100,1.0,2483614
0.075,66,1500,17.0,17.0,74,1.0,3180023
0.075,66,200,17.0,17.0,100,1.0,4108826
0.075,66,200,17.0,17.0,74,1.0,5704174
0.075,66,20,17.0,17.0,100,1.0,4680102
0.075,66,20,17.0,17.0,74,1.0,6528996
0.075,66,3000,17.0,17.0,100,1.0,2063726
0.075,66,3000,17.0,17.0,74,1.0,2767385
0.075,66,400,17.0,17.0,100,1.0,3590782
0.075,66,400,17.0,17.0,74,1.0,5143618
0.075,66,40,17.0,17.0,100,1.0,4589776
0.075,66,40,17.0,17.0,74,1.0,6755253
0.075,66,4,17.0,17.0,100,1.0,4774063
0.075,66,4,17.0,17.0,74,1.0,6669696
0.075,66,5000,17.0,17.0,100,1.0,1987398
0.075,66,5000,17.0,17.0,74,1.0,2752253
0.075,66,8,17.0,17.0,100,1.0,4613296
0.075,66,8,17.0,17.0,74,1.0,6779999
0.1,66,1000,17.0,17.0,100,1.0,3437965
0.1,66,1000,17.0,17.0,74,1.0,4141298
0.1,66,100,17.0,17.0,100,1.0,5603043
0.1,66,100,17.0,17.0,74,1.0,7244866
0.1,66,10,17.0,17.0,100,1.0,6020253
0.1,66,10,17.0,17.0,74,1.0,7760422
0.1,66,1500,17.0,17.0,100,1.0,2879909
0.1,66,1500,17.0,17.0,74,1.0,3442339
0.1,66,200,17.0,17.0,100,1.0,5214015
0.1,66,200,17.0,17.0,74,1.0,6844911
0.1,66,20,17.0,17.0,100,1.0,5920680
0.1,66,20,17.0,17.0,74,1.0,7647419
0.1,66,3000,17.0,17.0,100,1.0,2135825
0.1,66,3000,17.0,17.0,74,1.0,2786693
0.1,66,400,17.0,17.0,100,1.0,4620121
0.1,66,400,17.0,17.0,74,1.0,5886896
0.1,66,40,17.0,17.0,100,1.0,5877254
0.1,66,40,17.0,17.0,74,1.0,7341330
0.1,66,4,17.0,17.0,100,1.0,6014934
0.1,66,4,17.0,17.0,74,1.0,7855793
0.1,66,5000,17.0,17.0,100,1.0,2132976
0.1,66,5000,17.0,17.0,74,1.0,2641357
0.1,66,8,17.0,17.0,100,1.0,6148231
0.1,66,8,17.0,17.0,74,1.0,7752043
0.0001,50,1000,17.0,170,100,1.0,509431
0.0001,50,1000,17.0,170,74,1.0,644395
0.0001,50,100,17.0,170,100,1.0,514328
0.0001,50,100,17.0,170,74,1.0,656460
0.0001,50,10,17.0,170,100,1.0,528494
0.0001,50,10,17.0,170,74,1.0,665662
0.0001,50,1500,17.0,170,100,1.0,512990
0.0001,50,1500,17.0,170,74,1.0,689139
0.0001,50,200,17.0,170,100,1.0,518551
0.0001,50,200,17.0,170,74,1.0,652333
0.0001,50,20,17.0,170,100,1.0,517734
0.0001,50,20,17.0,170,74,1.0,653194
0.0001,50,3000,17.0,170,100,1.0,512382
0.0001,50,3000,17.0,170,74,1.0,670323
0.0001,50,400,17.0,170,100,1.0,484871
0.0001,50,400,17.0,170,74,1.0,645320
0.0001,50,40,17.0,170,100,1.0,547892
0.0001,50,40,17.0,170,74,1.0,671997
0.0001,50,4,17.0,170,100,1.0,568145
0.0001,50,4,17.0,170,74,1.0,630387
0.0001,50,5000,17.0,170,100,1.0,528576
0.0001,50,5000,17.0,170,74,1.0,663673
0.0001,50,8,17.0,170,100,1.0,510677
0.0001,50,8,17.0,170,74,1.0,656912
0.00025,50,1000,17.0,170,100,1.0,534880
0.00025,50,1000,17.0,170,74,1.0,635898
0.00025,50,100,17.0,170,100,1.0,523573
0.00025,50,100,17.0,170,74,1.0,650489
0.00025,50,10,17.0,170,100,1.0,506989
0.00025,50,10,17.0,170,74,1.0,655765
0.00025,50,1500,17.0,170,100,1.0,548825
0.00025,50,1500,17.0,170,74,1.0,661472
0.00025,50,200,17.0,170,100,1.0,527338
0.00025,50,200,17.0,170,74,1.0,641098
0.00025,50,20,17.0,170,100,1.0,530701
0.00025,50,20,17.0,170,74,1.0,663873
0.00025,50,3000,17.0,170,100,1.0,524950
0.00025,50,3000,17.0,170,74,1.0,647701
0.00025,50,400,17.0,170,100,1.0,512942
0.00025,50,400,17.0,170,74,1.0,708755
0.00025,50,40,17.0,170,100,1.0,548407
0.00025,50,40,17.0,170,74,1.0,635695
0.00025,50,4,17.0,170,100,1.0,539365
0.00025,50,4,17.0,170,74,1.0,678336
0.00025,50,5000,17.0,170,100,1.0,511512
0.00025,50,5000,17.0,170,74,1.0,651019
0.00025,50,8,17.0,170,100,1.0,513911
0.00025,50,8,17.0,170,74,1.0,661747
0.0005,50,1000,17.0,170,100,1.0,519374
0.0005,50,1000,17.0,170,74,1.0,661600
0.0005,50,100,17.0,170,100,1.0,513509
0.0005,50,100,17.0,170,74,1.0,661127
0.0005,50,10,17.0,170,100,1.0,548647
0.0005,50,10,17.0,170,74,1.0,662588
0.0005,50,1500,17.0,170,100,1.0,515888
0.0005,50,1500,17.0,170,74,1.0,655369
0.0005,50,200,17.0,170,100,1.0,539373
0.0005,50,200,17.0,170,74,1.0,653618
0.0005,50,20,17.0,170,100,1.0,476594
0.0005,50,20,17.0,170,74,1.0,690834
0.0005,50,3000,17.0,170,100,1.0,534327
0.0005,50,3000,17.0,170,74,1.0,649479
0.0005,50,400,17.0,170,100,1.0,501719
0.0005,50,400,17.0,170,74,1.0,685807
0.0005,50,40,17.0,170,100,1.0,553300
0.0005,50,40,17.0,170,74,1.0,672273
0.0005,50,4,17.0,170,100,1.0,513952
0.0005,50,4,17.0,170,74,1.0,634205
0.0005,50,5000,17.0,170,100,1.0,511108
0.0005,50,5000,17.0,170,74,1.0,688226
0.0005,50,8,17.0,170,100,1.0,484914
0.0005,50,8,17.0,170,74,1.0,718157
0.00075,50,1000,17.0,170,100,1.0,540675
0.00075,50,1000,17.0,170,74,1.0,664034
0.00075,50,100,17.0,170,100,1.0,542033
0.00075,50,100,17.0,170,74,1.0,678771
0.00075,50,10,17.0,170,100,1.0,531901
0.00075,50,10,17.0,170,74,1.0,684336
0.00075,50,1500,17.0,170,100,1.0,492074
0.00075,50,1500,17.0,170,74,1.0,688720
0.00075,50,200,17.0,170,100,1.0,504346
0.00075,50,200,17.0,170,74,1.0,679385
0.00075,50,20,17.0,170,100,1.0,524844
0.00075,50,20,17.0,170,74,1.0,636351
0.00075,50,3000,17.0,170,100,1.0,528912
0.00075,50,3000,17.0,170,74,1.0,635895
0.00075,50,400,17.0,170,100,1.0,508659
0.00075,50,400,17.0,170,74,1.0,671603
0.00075,50,40,17.0,170,100,1.0,550391
0.00075,50,40,17.0,170,74,1.0,639588
0.00075,50,4,17.0,170,100,1.0,546043
0.00075,50,4,17.0,170,74,1.0,693994
0.00075,50,5000,17.0,170,100,1.0,542570
0.00075,50,5000,17.0,170,74,1.0,647324
0.00075,50,8,17.0,170,100,1.0,476935
0.00075,50,8,17.0,170,74,1.0,675543
0.001,50,1000,17.0,170,100,1.0,498411
0.001,50,1000,17.0,170,74,1.0,686782
0.001,50,100,17.0,170,100,1.0,517299
0.001,50,100,17.0,170,74,1.0,715329
0.001,50,10,17.0,170,100,1.0,513505
0.001,50,10,17.0,170,74,1.0,682540
0.001,50,1500,17.0,170,100,1.0,488255
0.001,50,1500,17.0,170,74,1.0,654771
0.001,50,200,17.0,170,100,1.0,523601
0.001,50,200,17.0,170,74,1.0,664324
0.001,50,20,17.0,170,100,1.0,532706
0.001,50,20,17.0,170,74,1.0,702415
0.001,50,3000,17.0,170,100,1.0,499422
0.001,50,3000,17.0,170,74,1.0,678064
0.001,50,400,17.0,170,100,1.0,498405
0.001,50,400,17.0,170,74,1.0,656180
0.001,50,40,17.0,170,100,1.0,501496
0.001,50,40,17.0,170,74,1.0,642057
0.001,50,4,17.0,170,100,1.0,535326
0.001,50,4,17.0,170,74,1.0,680633
0.001,50,5000,17.0,170,100,1.0,529617
0.001,50,5000,17.0,170,74,1.0,668959
0.001,50,8,17.0,170,100,1.0,521887
0.001,50,8,17.0,170,74,1.0,681200
0.0025,50,1000,17.0,170,100,1.0,533226
0.0025,50,1000,17.0,170,74,1.0,669838
0.0025,50,100,17.0,170,100,1.0,533184
0.0025,50,100,17.0,170,74,1.0,697574
0.0025,50,10,17.0,170,100,1.0,552690
0.0025,50,10,17.0,170,74,1.0,668942
0.0025,50,1500,17.0,170,100,1.0,532130
0.0025,50,1500,17.0,170,74,1.0,654624
0.0025,50,200,17.0,170,100,1.0,543638
0.0025,50,200,17.0,170,74,1.0,670076
0.0025,50,20,17.0,170,100,1.0,533937
0.0025,50,20,17.0,170,74,1.0,693201
0.0025,50,3000,17.0,170,100,1.0,507522
0.0025,50,3000,17.0,170,74,1.0,703244
0.0025,50,400,17.0,170,100,1.0,533483
0.0025,50,400,17.0,170,74,1.0,691727
0.0025,50,40,17.0,170,100,1.0,521910
0.0025,50,40,17.0,170,74,1.0,687115
0.0025,50,4,17.0,170,100,1.0,523567
0.0025,50,4,17.0,170,74,1.0,675941
0.0025,50,5000,17.0,170,100,1.0,496857
0.0025,50,5000,17.0,170,74,1.0,676562
0.0025,50,8,17.0,170,100,1.0,535598
0.0025,50,8,17.0,170,74,1.0,685568
0.005,50,1000,17.0,170,100,1.0,540709
0.005,50,1000,17.0,170,74,1.0,668379
0.005,50,100,17.0,170,100,1.0,578556
0.005,50,100,17.0,170,74,1.0,722361
0.005,50,10,17.0,170,100,1.0,583329
0.005,50,10,17.0,170,74,1.0,702364
0.005,50,1500,17.0,170,100,1.0,530024
0.005,50,1500,17.0,170,74,1.0,656531
0.005,50,200,17.0,170,100,1.0,573614
0.005,50,200,17.0,170,74,1.0,707866
0.005,50,20,17.0,170,100,1.0,586726
0.005,50,20,17.0,170,74,1.0,764062
0.005,50,3000,17.0,170,100,1.0,500149
0.005,50,3000,17.0,170,74,1.0,671307
0.005,50,400,17.0,170,100,1.0,534243
0.005,50,400,17.0,170,74,1.0,721339
0.005,50,40,17.0,170,100,1.0,596963
0.005,50,40,17.0,170,74,1.0,742961
0.005,50,4,17.0,170,100,1.0,561178
0.005,50,4,17.0,170,74,1.0,745998
0.005,50,5000,17.0,170,100,1.0,493863
0.005,50,5000,17.0,170,74,1.0,634091
0.005,50,8,17.0,170,100,1.0,594259
0.005,50,8,17.0,170,74,1.0,738400
0.0075,50,1000,17.0,170,100,1.0,511061
0.0075,50,1000,17.0,170,74,1.0,643619
0.0075,50,100,17.0,170,100,1.0,557890
0.0075,50,100,17.0,170,74,1.0,726181
0.0075,50,10,17.0,170,100,1.0,587307
0.0075,50,10,17.0,170,74,1.0,775172
0.0075,50,1500,17.0,170,100,1.0,516430
0.0075,50,1500,17.0,170,74,1.0,656508
0.0075,50,200,17.0,170,100,1.0,527178
0.0075,50,200,17.0,170,74,1.0,763819
0.0075,50,20,17.0,170,100,1.0,590147
0.0075,50,20,17.0,170,74,1.0,782447
0.0075,50,3000,17.0,170,100,1.0,483860
0.0075,50,3000,17.0,170,74,1.0,645087
0.0075,50,400,17.0,170,100,1.0,546097
0.0075,50,400,17.0,170,74,1.0,714393
0.0075,50,40,17.0,170,100,1.0,624071
0.0075,50,40,17.0,170,74,1.0,758488
0.0075,50,4,17.0,170,100,1.0,600406
0.0075,50,4,17.0,170,74,1.0,748486
0.0075,50,5000,17.0,170,100,1.0,499418
0.0075,50,5000,17.0,170,74,1.0,664403
0.0075,50,8,17.0,170,100,1.0,586721
0.0075,50,8,17.0,170,74,1.0,797566
0.01,50,1000,17.0,170,100,1.0,521184
0.01,50,1000,17.0,170,74,1.0,709837
0.01,50,100,17.0,170,100,1.0,572224
0.01,50,100,17.0,170,74,1.0,795582
0.01,50,10,17.0,170,100,1.0,606526
0.01,50,10,17.0,170,74,1.0,794655
0.01,50,1500,17.0,170,100,1.0,527844
0.01,50,1500,17.0,170,74,1.0,653235
0.01,50,200,17.0,170,100,1.0,620239
0.01,50,200,17.0,170,74,1.0,738362
0.01,50,20,17.0,170,100,1.0,585037
0.01,50,20,17.0,170,74,1.0,827707
0.01,50,3000,17.0,170,100,1.0,503960
0.01,50,3000,17.0,170,74,1.0,664600
0.01,50,400,17.0,170,100,1.0,556386
0.01,50,400,17.0,170,74,1.0,765690
0.01,50,40,17.0,170,100,1.0,585218
0.01,50,40,17.0,170,74,1.0,755599
0.01,50,4,17.0,170,100,1.0,651502
0.01,50,4,17.0,170,74,1.0,797063
0.01,50,5000,17.0,170,100,1.0,500412
0.01,50,5000,17.0,170,74,1.0,651464
0.01,50,8,17.0,170,100,1.0,627206
0.01,50,8,17.0,170,74,1.0,734204
0.025,50,1000,17.0,170,100,1.0,565178
0.025,50,1000,17.0,170,74,1.0,700647
0.025,50,100,17.0,170,100,1.0,734235
0.025,50,100,17.0,170,74,1.0,948343
0.025,50,10,17.0,170,100,1.0,774767
0.025,50,10,17.0,170,74,1.0,1016163
0.025,50,1500,17.0,170,100,1.0,522462
0.025,50,1500,17.0,170,74,1.0,705822
0.025,50,200,17.0,170,100,1.0,655101
0.025,50,200,17.0,170,74,1.0,885453
0.025,50,20,17.0,170,100,1.0,743986
0.025,50,20,17.0,170,74,1.0,1011815
0.025,50,3000,17.0,170,100,1.0,506897
0.025,50,3000,17.0,170,74,1.0,650527
0.025,50,400,17.0,170,100,1.0,642806
0.025,50,400,17.0,170,74,1.0,818432
0.025,50,40,17.0,170,100,1.0,777893
0.025,50,40,17.0,170,74,1.0,1015444
0.025,50,4,17.0,170,100,1.0,821641
0.025,50,4,17.0,170,74,1.0,962445
0.025,50,5000,17.0,170,100,1.0,473778
0.025,50,5000,17.0,170,74,1.0,670731
0.025,50,8,17.0,170,100,1.0,730402
0.025,50,8,17.0,170,74,1.0,1032619
0.05,50,1000,17.0,170,100,1.0,649486
0.05,50,1000,17.0,170,74,1.0,834220
0.05,50,100,17.0,170,100,1.0,926815
0.05,50,100,17.0,170,74,1.0,1322711
0.05,50,10,17.0,170,100,1.0,979536
0.05,50,10,17.0,170,74,1.0,1424659
0.05,50,1500,17.0,170,100,1.0,571122
0.05,50,1500,17.0,170,74,1.0,757452
0.05,50,200,17.0,170,100,1.0,866332
0.05,50,200,17.0,170,74,1.0,1271626
0.05,50,20,17.0,170,100,1.0,938616
0.05,50,20,17.0,170,74,1.0,1358355
0.05,50,3000,17.0,170,100,1.0,515273
0.05,50,3000,17.0,170,74,1.0,664936
0.05,50,400,17.0,170,100,1.0,728284
0.05,50,400,17.0,170,74,1.0,1150033
0.05,50,40,17.0,170,100,1.0,996463
0.05,50,40,17.0,170,74,1.0,1377592
0.05,50,4,17.0,170,100,1.0,952074
0.05,50,4,17.0,170,74,1.0,1478179
0.05,50,5000,17.0,170,100,1.0,491609
0.05,50,5000,17.0,170,74,1.0,678556
0.05,50,8,17.0,170,100,1.0,949041
0.05,50,8,17.0,170,74,1.0,1437552
0.075,50,1000,17.0,170,100,1.0,668897
0.075,50,1000,17.0,170,74,1.0,853697
0.075,50,100,17.0,170,100,1.0,1097325
0.075,50,100,17.0,170,74,1.0,1577801
0.075,50,10,17.0,170,100,1.0,1197731
0.075,50,10,17.0,170,74,1.0,1745606
0.075,50,1500,17.0,170,100,1.0,618725
0.075,50,1500,17.0,170,74,1.0,768031
0.075,50,200,17.0,170,100,1.0,1048983
0.075,50,200,17.0,170,74,1.0,1450263
0.075,50,20,17.0,170,100,1.0,1191973
0.075,50,20,17.0,170,74,1.0,1731950
0.075,50,3000,17.0,170,100,1.0,489480
0.075,50,3000,17.0,170,74,1.0,615276
0.075,50,400,17.0,170,100,1.0,920411
0.075,50,400,17.0,170,74,1.0,1223384
0.075,50,40,17.0,170,100,1.0,1156343
0.075,50,40,17.0,170,74,1.0,1761300
0.075,50,4,17.0,170,100,1.0,1200497
0.075,50,4,17.0,170,74,1.0,1740518
0.075,50,5000,17.0,170,100,1.0,477490
0.075,50,5000,17.0,170,74,1.0,641630
0.075,50,8,17.0,170,100,1.0,1227656
0.075,50,8,17.0,170,74,1.0,1768851
0.1,50,1000,17.0,170,100,1.0,782556
0.1,50,1000,17.0,170,74,1.0,918449
0.1,50,100,17.0,170,100,1.0,1452330
0.1,50,100,17.0,170,74,1.0,1833042
0.1,50,10,17.0,170,100,1.0,1509167
0.1,50,10,17.0,170,74,1.0,2038298
0.1,50,1500,17.0,170,100,1.0,649229
0.1,50,1500,17.0,170,74,1.0,795212
0.1,50,200,17.0,170,100,1.0,1367590
0.1,50,200,17.0,170,74,1.0,1698058
0.1,50,20,17.0,170,100,1.0,1562885
0.1,50,20,17.0,170,74,1.0,2022825
0.1,50,3000,17.0,170,100,1.0,522410
0.1,50,3000,17.0,170,74,1.0,677175
0.1,50,400,17.0,170,100,1.0,1136187
0.1,50,400,17.0,170,74,1.0,1469672
0.1,50,40,17.0,170,100,1.0,1515829
0.1,50,40,17.0,170,74,1.0,1981375
0.1,50,4,17.0,170,100,1.0,1604421
0.1,50,4,17.0,170,74,1.0,1995322
0.1,50,5000,17.0,170,100,1.0,526357
0.1,50,5000,17.0,170,74,1.0,653347
0.1,50,8,17.0,170,100,1.0,1607249
0.1,50,8,17.0,170,74,1.0,2115866
0.0001,66,1000,17.0,170,100,1.0,548945
0.0001,66,1000,17.0,170,74,1.0,642564
0.0001,66,100,17.0,170,100,1.0,531716
0.0001,66,100,17.0,170,74,1.0,684672
0.0001,66,10,17.0,170,100,1.0,547748
0.0001,66,10,17.0,170,74,1.0,721988
0.0001,66,1500,17.0,170,100,1.0,557331
0.0001,66,1500,17.0,170,74,1.0,690953
0.0001,66,200,17.0,170,100,1.0,526095
0.0001,66,200,17.0,170,74,1.0,689451
0.0001,66,20,17.0,170,100,1.0,543284
0.0001,66,20,17.0,170,74,1.0,671518
0.0001,66,3000,17.0,170,100,1.0,530239
0.0001,66,3000,17.0,170,74,1.0,677627
0.0001,66,400,17.0,170,100,1.0,550885
0.0001,66,400,17.0,170,74,1.0,660612
0.0001,66,40,17.0,170,100,1.0,521004
0.0001,66,40,17.0,170,74,1.0,685555
0.0001,66,4,17.0,170,100,1.0,523529
0.0001,66,4,17.0,170,74,1.0,678058
0.0001,66,5000,17.0,170,100,1.0,537779
0.0001,66,5000,17.0,170,74,1.0,650605
0.0001,66,8,17.0,170,100,1.0,514786
0.0001,66,8,17.0,170,74,1.0,693143
0.00025,66,1000,17.0,170,100,1.0,529609
0.00025,66,1000,17.0,170,74,1.0,678515
0.00025,66,100,17.0,170,100,1.0,529924
0.00025,66,100,17.0,170,74,1.0,693120
0.00025,66,10,17.0,170,100,1.0,539974
0.00025,66,10,17.0,170,74,1.0,718264
0.00025,66,1500,17.0,170,100,1.0,549193
0.00025,66,1500,17.0,170,74,1.0,725188
0.00025,66,200,17.0,170,100,1.0,497519
0.00025,66,200,17.0,170,74,1.0,687655
0.00025,66,20,17.0,170,100,1.0,555232
0.00025,66,20,17.0,170,74,1.0,690439
0.00025,66,3000,17.0,170,100,1.0,544506
0.00025,66,3000,17.0,170,74,1.0,666574
0.00025,66,400,17.0,170,100,1.0,529950
0.00025,66,400,17.0,170,74,1.0,694151
0.00025,66,40,17.0,170,100,1.0,537242
0.00025,66,40,17.0,170,74,1.0,694284
0.00025,66,4,17.0,170,100,1.0,531384
0.00025,66,4,17.0,170,74,1.0,696071
0.00025,66,5000,17.0,170,100,1.0,576279
0.00025,66,5000,17.0,170,74,1.0,710676
0.00025,66,8,17.0,170,100,1.0,527091
0.00025,66,8,17.0,170,74,1.0,674695
0.0005,66,1000,17.0,170,100,1.0,526965
0.0005,66,1000,17.0,170,74,1.0,716379
0.0005,66,100,17.0,170,100,1.0,521226
0.0005,66,100,17.0,170,74,1.0,684688
0.0005,66,10,17.0,170,100,1.0,534728
0.0005,66,10,17.0,170,74,1.0,647492
0.0005,66,1500,17.0,170,100,1.0,535650
0.0005,66,1500,17.0,170,74,1.0,721580
0.0005,66,200,17.0,170,100,1.0,566831
0.0005,66,200,17.0,170,74,1.0,669227
0.0005,66,20,17.0,170,100,1.0,526408
0.0005,66,20,17.0,170,74,1.0,694135
0.0005,66,3000,17.0,170,100,1.0,539626
0.0005,66,3000,17.0,170,74,1.0,712084
0.0005,66,400,17.0,170,100,1.0,521419
0.0005,66,400,17.0,170,74,1.0,682775
0.0005,66,40,17.0,170,100,1.0,550417
0.0005,66,40,17.0,170,74,1.0,701750
0.0005,66,4,17.0,170,100,1.0,547122
0.0005,66,4,17.0,170,74,1.0,671117
0.0005,66,5000,17.0,170,100,1.0,514029
0.0005,66,5000,17.0,170,74,1.0,634029
0.0005,66,8,17.0,170,100,1.0,512770
0.0005,66,8,17.0,170,74,1.0,744866
0.00075,66,1000,17.0,170,100,1.0,560467
0.00075,66,1000,17.0,170,74,1.0,740083
0.00075,66,100,17.0,170,100,1.0,518734
0.00075,66,100,17.0,170,74,1.0,672637
0.00075,66,10,17.0,170,100,1.0,539666
0.00075,66,10,17.0,170,74,1.0,676107
0.00075,66,1500,17.0,170,100,1.0,562356
0.00075,66,1500,17.0,170,74,1.0,649282
0.00075,66,200,17.0,170,100,1.0,514054
0.00075,66,200,17.0,170,74,1.0,676515
0.00075,66,20,17.0,170,100,1.0,524841
0.00075,66,20,17.0,170,74,1.0,685487
0.00075,66,3000,17.0,170,100,1.0,527550
0.00075,66,3000,17.0,170,74,1.0,672364
0.00075,66,400,17.0,170,100,1.0,552935
0.00075,66,400,17.0,170,74,1.0,715251
0.00075,66,40,17.0,170,100,1.0,529420
0.00075,66,40,17.0,170,74,1.0,696474
0.00075,66,4,17.0,170,100,1.0,517042
0.00075,66,4,17.0,170,74,1.0,691545
0.00075,66,5000,17.0,170,100,1.0,531565
0.00075,66,5000,17.0,170,74,1.0,651984
0.00075,66,8,17.0,170,100,1.0,506872
0.00075,66,8,17.0,170,74,1.0,738115
0.001,66,1000,17.0,170,100,1.0,525517
0.001,66,1000,17.0,170,74,1.0,716046
0.001,66,100,17.0,170,100,1.0,523023
0.001,66,100,17.0,170,74,1.0,695024
0.001,66,10,17.0,170,100,1.0,509030
0.001,66,10,17.0,170,74,1.0,695835
0.001,66,1500,17.0,170,100,1.0,543014
0.001,66,1500,17.0,170,74,1.0,660279
0.001,66,200,17.0,170,100,1.0,530084
0.001,66,200,17.0,170,74,1.0,732205
0.001,66,20,17.0,170,100,1.0,580369
0.001,66,20,17.0,170,74,1.0,719899
0.001,66,3000,17.0,170,100,1.0,522646
0.001,66,3000,17.0,170,74,1.0,645380
0.001,66,400,17.0,170,100,1.0,527645
0.001,66,400,17.0,170,74,1.0,664520
0.001,66,40,17.0,170,100,1.0,535027
0.001,66,40,17.0,170,74,1.0,699736
0.001,66,4,17.0,170,100,1.0,559282
0.001,66,4,17.0,170,74,1.0,702736
0.001,66,5000,17.0,170,100,1.0,535592
0.001,66,5000,17.0,170,74,1.0,713796
0.001,66,8,17.0,170,100,1.0,503200
0.001,66,8,17.0,170,74,1.0,737273
0.0025,66,1000,17.0,170,100,1.0,525843
0.0025,66,1000,17.0,170,74,1.0,695480
0.0025,66,100,17.0,170,100,1.0,564263
0.0025,66,100,17.0,170,74,1.0,685973
0.0025,66,10,17.0,170,100,1.0,537050
0.0025,66,10,17.0,170,74,1.0,694091
0.0025,66,1500,17.0,170,100,1.0,543029
0.0025,66,1500,17.0,170,74,1.0,664981
0.0025,66,200,17.0,170,100,1.0,518512
0.0025,66,200,17.0,170,74,1.0,676533
0.0025,66,20,17.0,170,100,1.0,581726
0.0025,66,20,17.0,170,74,1.0,694775
0.0025,66,3000,17.0,170,100,1.0,533837
0.0025,66,3000,17.0,170,74,1.0,692804
0.0025,66,400,17.0,170,100,1.0,555649
0.0025,66,400,17.0,170,74,1.0,675677
0.0025,66,40,17.0,170,100,1.0,528675
0.0025,66,40,17.0,170,74,1.0,706295
0.0025,66,4,17.0,170,100,1.0,578606
0.0025,66,4,17.0,170,74,1.0,741921
0.0025,66,5000,17.0,170,100,1.0,509936
0.0025,66,5000,17.0,170,74,1.0,689337
0.0025,66,8,17.0,170,100,1.0,576157
0.0025,66,8,17.0,170,74,1.0,789620
0.005,66,1000,17.0,170,100,1.0,579059
0.005,66,1000,17.0,170,74,1.0,734716
0.005,66,100,17.0,170,100,1.0,538161
0.005,66,100,17.0,170,74,1.0,753063
0.005,66,10,17.0,170,100,1.0,569204
0.005,66,10,17.0,170,74,1.0,737569
0.005,66,1500,17.0,170,100,1.0,519369
0.005,66,1500,17.0,170,74,1.0,661201
0.005,66,200,17.0,170,100,1.0,585574
0.005,66,200,17.0,170,74,1.0,721953
0.005,66,20,17.0,170,100,1.0,551482
0.005,66,20,17.0,170,74,1.0,754755
0.005,66,3000,17.0,170,100,1.0,508633
0.005,66,3000,17.0,170,74,1.0,725070
0.005,66,400,17.0,170,100,1.0,532234
0.005,66,400,17.0,170,74,1.0,728748
0.005,66,40,17.0,170,100,1.0,587631
0.005,66,40,17.0,170,74,1.0,766432
0.005,66,4,17.0,170,100,1.0,583089
0.005,66,4,17.0,170,74,1.0,736453
0.005,66,5000,17.0,170,100,1.0,529704
0.005,66,5000,17.0,170,74,1.0,670657
0.005,66,8,17.0,170,100,1.0,593085
0.005,66,8,17.0,170,74,1.0,775691
0.0075,66,1000,17.0,170,100,1.0,544344
0.0075,66,1000,17.0,170,74,1.0,695255
0.0075,66,100,17.0,170,100,1.0,582977
0.0075,66,100,17.0,170,74,1.0,759242
0.0075,66,10,17.0,170,100,1.0,616184
0.0075,66,10,17.0,170,74,1.0,704435
0.0075,66,1500,17.0,170,100,1.0,525039
0.0075,66,1500,17.0,170,74,1.0,700352
0.0075,66,200,17.0,170,100,1.0,598345
0.0075,66,200,17.0,170,74,1.0,759606
0.0075,66,20,17.0,170,100,1.0,600219
0.0075,66,20,17.0,170,74,1.0,807485
0.0075,66,3000,17.0,170,100,1.0,565177
0.0075,66,3000,17.0,170,74,1.0,722679
0.0075,66,400,17.0,170,100,1.0,531430
0.0075,66,400,17.0,170,74,1.0,706343
0.0075,66,40,17.0,170,100,1.0,615782
0.0075,66,40,17.0,170,74,1.0,759718
0.0075,66,4,17.0,170,100,1.0,588873
0.0075,66,4,17.0,170,74,1.0,719915
0.0075,66,5000,17.0,170,100,1.0,529158
0.0075,66,5000,17.0,170,74,1.0,711169
0.0075,66,8,17.0,170,100,1.0,651798
0.0075,66,8,17.0,170,74,1.0,772342
0.01,66,1000,17.0,170,100,1.0,543863
0.01,66,1000,17.0,170,74,1.0,696860
0.01,66,100,17.0,170,100,1.0,626100
0.01,66,100,17.0,170,74,1.0,754527
0.01,66,10,17.0,170,100,1.0,599844
0.01,66,10,17.0,170,74,1.0,793308
0.01,66,1500,17.0,170,100,1.0,551340
0.01,66,1500,17.0,170,74,1.0,671213
0.01,66,200,17.0,170,100,1.0,582802
0.01,66,200,17.0,170,74,1.0,798294
0.01,66,20,17.0,170,100,1.0,622432
0.01,66,20,17.0,170,74,1.0,834367
0.01,66,3000,17.0,170,100,1.0,547728
0.01,66,3000,17.0,170,74,1.0,732881
0.01,66,400,17.0,170,100,1.0,559849
0.01,66,400,17.0,170,74,1.0,762471
0.01,66,40,17.0,170,100,1.0,623199
0.01,66,40,17.0,170,74,1.0,833456
0.01,66,4,17.0,170,100,1.0,664964
0.01,66,4,17.0,170,74,1.0,764445
0.01,66,5000,17.0,170,100,1.0,512762
0.01,66,5000,17.0,170,74,1.0,698289
0.01,66,8,17.0,170,100,1.0,635799
0.01,66,8,17.0,170,74,1.0,788870
0.025,66,1000,17.0,170,100,1.0,584512
0.025,66,1000,17.0,170,74,1.0,753057
0.025,66,100,17.0,170,100,1.0,711783
0.025,66,100,17.0,170,74,1.0,907981
0.025,66,10,17.0,170,100,1.0,714358
0.025,66,10,17.0,170,74,1.0,971004
0.025,66,1500,17.0,170,100,1.0,587780
0.025,66,1500,17.0,170,74,1.0,704703
0.025,66,200,17.0,170,100,1.0,707835
0.025,66,200,17.0,170,74,1.0,929102
0.025,66,20,17.0,170,100,1.0,714580
0.025,66,20,17.0,170,74,1.0,923156
0.025,66,3000,17.0,170,100,1.0,550174
0.025,66,3000,17.0,170,74,1.0,697940
0.025,66,400,17.0,170,100,1.0,681213
0.025,66,400,17.0,170,74,1.0,883351
0.025,66,40,17.0,170,100,1.0,713802
0.025,66,40,17.0,170,74,1.0,953655
0.025,66,4,17.0,170,100,1.0,699820
0.025,66,4,17.0,170,74,1.0,915295
0.025,66,5000,17.0,170,100,1.0,530999
0.025,66,5000,17.0,170,74,1.0,669228
0.025,66,8,17.0,170,100,1.0,731213
0.025,66,8,17.0,170,74,1.0,972414
0.05,66,1000,17.0,170,100,1.0,651127
0.05,66,1000,17.0,170,74,1.0,876897
0.05,66,100,17.0,170,100,1.0,900048
0.05,66,100,17.0,170,74,1.0,1220463
0.05,66,10,17.0,170,100,1.0,904553
0.05,66,10,17.0,170,74,1.0,1291661
0.05,66,1500,17.0,170,100,1.0,577065
0.05,66,1500,17.0,170,74,1.0,795392
0.05,66,200,17.0,170,100,1.0,857458
0.05,66,200,17.0,170,74,1.0,1188908
0.05,66,20,17.0,170,100,1.0,951788
0.05,66,20,17.0,170,74,1.0,1313093
0.05,66,3000,17.0,170,100,1.0,540664
0.05,66,3000,17.0,170,74,1.0,757935
0.05,66,400,17.0,170,100,1.0,806057
0.05,66,400,17.0,170,74,1.0,1105956
0.05,66,40,17.0,170,100,1.0,948546
0.05,66,40,17.0,170,74,1.0,1311457
0.05,66,4,17.0,170,100,1.0,937442
0.05,66,4,17.0,170,74,1.0,1338342
0.05,66,5000,17.0,170,100,1.0,526811
0.05,66,5000,17.0,170,74,1.0,714031
0.05,66,8,17.0,170,100,1.0,992654
0.05,66,8,17.0,170,74,1.0,1374729
0.075,66,1000,17.0,170,100,1.0,734493
0.075,66,1000,17.0,170,74,1.0,917526
0.075,66,100,17.0,170,100,1.0,1091277
0.075,66,100,17.0,170,74,1.0,1540001
0.075,66,10,17.0,170,100,1.0,1113013
0.075,66,10,17.0,170,74,1.0,1576234
0.075,66,1500,17.0,170,100,1.0,599405
0.075,66,1500,17.0,170,74,1.0,802447
0.075,66,200,17.0,170,100,1.0,1009934
0.075,66,200,17.0,170,74,1.0,1422584
0.075,66,20,17.0,170,100,1.0,1095254
0.075,66,20,17.0,170,74,1.0,1592895
0.075,66,3000,17.0,170,100,1.0,521772
0.075,66,3000,17.0,170,74,1.0,689692
0.075,66,400,17.0,170,100,1.0,876214
0.075,66,400,17.0,170,74,1.0,1247639
0.075,66,40,17.0,170,100,1.0,1076590
0.075,66,40,17.0,170,74,1.0,1578458
0.075,66,4,17.0,170,100,1.0,1120150
0.075,66,4,17.0,170,74,1.0,1578702
0.075,66,5000,17.0,170,100,1.0,520076
0.075,66,5000,17.0,170,74,1.0,644688
0.075,66,8,17.0,170,100,1.0,1106026
0.075,66,8,17.0,170,74,1.0,1588951
0.1,66,1000,17.0,170,100,1.0,813971
0.1,66,1000,17.0,170,74,1.0,1052216
0.1,66,100,17.0,170,100,1.0,1360355
0.1,66,100,17.0,170,74,1.0,1688654
0.1,66,10,17.0,170,100,1.0,1390651
0.1,66,10,17.0,170,74,1.0,1773974
0.1,66,1500,17.0,170,100,1.0,700335
0.1,66,1500,17.0,170,74,1.0,840934
0.1,66,200,17.0,170,100,1.0,1255658
0.1,66,200,17.0,170,74,1.0,1537663
0.1,66,20,17.0,170,100,1.0,1373278
0.1,66,20,17.0,170,74,1.0,1789605
0.1,66,3000,17.0,170,100,1.0,581581
0.1,66,3000,17.0,170,74,1.0,690317
0.1,66,400,17.0,170,100,1.0,1090804
0.1,66,400,17.0,170,74,1.0,1392469
0.1,66,40,17.0,170,100,1.0,1400615
0.1,66,40,17.0,170,74,1.0,1723261
0.1,66,4,17.0,170,100,1.0,1380405
0.1,66,4,17.0,170,74,1.0,1891676
0.1,66,5000,17.0,170,100,1.0,520705
0.1,66,5000,17.0,170,74,1.0,700101
0.1,66,8,17.0,170,100,1.0,1441844
0.1,66,8,17.0,170,74,1.0,1897417
