,Unnamed: 0,Rad21,ctcf,ctcfloc,nearest,ctcfread
0,0,129.43355480771996,337.6103053058299,5,769.0,254.89335171327292
1,1,128.54955561308137,404.0462138876345,774,769.0,355.6490192989366
2,2,80.577865984027,319.47501069209886,1543,769.0,389.419114612052
3,3,9.348961179662709,78.0069965822177,2312,769.0,68.09480897991335
4,4,477.2095531202961,567.9724078646972,3081,769.0,438.9033966128397
5,5,1367.5038935388925,1085.7216386532264,3850,769.0,1157.2574131547856
6,6,33.259800001917526,214.46353356113084,4619,769.0,152.7973564395431
7,7,329.7424147419488,631.529532954967,5388,769.0,665.4341819614023
8,8,1360.4104696982772,1052.8364728873642,6157,769.0,1036.2119574635683
9,9,45.76972799877279,192.86824719560104,6926,769.0,209.53789523434423
10,10,93.48961179662707,298.27833933830374,7696,769.0,244.9256274123671
11,11,60.47626005503303,306.7040171569137,8465,769.0,327.5945742418275
12,12,83.53524510790885,180.6049482409666,9234,769.0,131.30589523434423
13,13,703.8669466256316,916.831605973835,10003,769.0,734.4379487987397
14,14,45.83937642016856,112.71520940002635,10772,769.0,109.72199763686493
15,15,561.4466400130392,861.0731981094922,11541,769.0,942.0654919259551
16,16,54.04181743223938,194.83629053433117,12310,769.0,310.3397810161481
17,17,1019.7118225136865,1108.0772124094892,13079,769.0,1159.3064198503348
18,18,1016.7437282480514,1074.5516629469168,13848,769.0,1122.809450964947
19,19,553.0298961659045,599.4849007672374,14617,769.0,600.4513981882632
20,20,393.2992780510254,691.7636024875405,15387,769.0,917.2155084679008
21,21,451.3539160698364,561.0660024210543,16156,769.0,500.91280976762505
22,22,754.779942665938,911.8517762981868,16925,769.0,1184.726427727452
23,23,21.53743492392211,153.16007865532944,17694,769.0,118.68832768806617
24,24,39.21741881669399,253.9421873047413,18463,769.0,308.783768412761
25,25,930.845794383563,972.6070180006716,19232,769.0,743.404278849941
26,26,1249.2730194341375,1082.066010240252,20001,769.0,1156.3792674281217
27,27,1082.1328807969244,1036.0535001016108,20770,769.0,1114.4285513981883
28,28,545.5453696512977,747.396645507651,21539,769.0,649.6583710122096
29,29,244.9534980489161,531.3717014572663,22308,769.0,574.1686506498622
30,30,139.35041850030203,315.85446388297845,23078,769.0,275.58369751870816
31,31,334.21062885303115,527.4619431187849,23847,769.0,577.8969184718394
32,32,95.51477358798094,142.66966230907434,24616,769.0,135.43472075620323
33,33,460.89039223018,720.2286501280655,25385,769.0,876.1737502953919
34,34,490.9463648478922,797.0575521859005,26154,769.0,444.2493012997243
35,35,1103.6274551538336,1003.9313893551852,26923,769.0,1101.117710909807
36,36,247.11795668306155,451.4463711554295,27692,769.0,358.3142686096888
37,37,20.56771459525796,124.88388468402336,28461,769.0,113.89704135486411
38,38,251.18971054927567,583.4669663060182,29230,769.0,389.9583269003545
39,0,124.76175300332692,330.87411630756714,5,769.0,365.20675032283424
40,1,197.89259546888331,395.9844586094178,774,769.0,423.9556946549885
41,2,115.92711862781758,313.10066720073377,1543,769.0,396.41571149851217
42,3,10.645493331799312,76.45055750465855,2312,769.0,44.87326202908316
43,4,310.8034016931765,556.639905790422,3081,769.0,618.9550819718152
44,5,1230.8911937565315,1064.0587153285176,3850,769.0,983.9504508449836
45,6,110.47311147544129,210.18443759575624,4619,769.0,226.16305246757625
46,7,373.82986548547,618.928903693619,5388,769.0,629.4637597552074
47,8,897.5538489563859,1031.8296927204815,6157,769.0,937.3559398686206
48,9,32.19364339747462,189.02003242118428,6926,769.0,229.5300569872551
49,10,101.79384665535326,292.326923648991,7696,769.0,204.9947101510303
50,11,68.75906463025282,300.5844876472209,8465,769.0,258.67049969120205
51,12,21.92853759791373,177.00141764295788,9234,769.0,164.54535988995568
52,13,721.6701546485652,898.5384707218585,10003,769.0,1031.7377571444613
53,14,12.00095876357849,110.46625271367886,10772,769.0,156.25618732805572
54,15,649.5143900825495,843.8925856914267,11541,769.0,907.943721015103
55,16,51.74877709705564,190.9488082622163,12310,769.0,190.0923179495817
56,17,1246.272779743243,1085.9682382160124,13079,769.0,883.0913020043794
57,18,1154.4654452018676,1053.111609203738,13848,769.0,951.3675102464769
58,19,368.7669610070853,587.523643869244,14617,769.0,302.8643213463591
59,20,464.7424856904536,677.9611494959055,15387,769.0,595.4464450339678
60,21,320.95064093345223,549.8713007978789,16156,769.0,625.0851440121274
61,22,1024.0193094984709,893.6580013836974,16925,769.0,1123.8698718488574
62,23,19.528345845198032,150.10414339329265,17694,769.0,134.42350331255966
63,24,61.644210506131294,248.87539123414328,18463,769.0,189.89603517489195
64,25,808.7413965350285,953.201020638256,19232,769.0,1098.1266310145415
65,26,1063.563540138637,1060.476026051316,20001,769.0,1219.293497698052
66,27,1351.2329507866657,1015.3815831627184,20770,769.0,1202.9265340239178
67,28,403.8161896817864,732.4841710313563,21539,769.0,857.0158903205885
68,29,241.27820442757024,520.7694770787714,22308,769.0,516.555868283645
69,30,84.11922033345797,309.5523595596719,23078,769.0,312.49727598113526
70,31,233.4454358059846,516.9377284179913,23847,769.0,605.29078111841
71,32,20.63200544577713,139.8230376814236,24616,769.0,96.6315198472854
72,33,459.18132712054535,705.8582466392519,25385,769.0,771.7385740553591
73,34,626.959016692074,781.1542156181578,26154,769.0,589.135198893942
74,35,712.5087084495834,983.9003906750382,26923,769.0,942.5951800853404
75,36,220.28188416218447,442.4388615181626,27692,769.0,440.277362304194
76,37,23.39115444722486,122.39213180548846,28461,769.0,151.54540073550055
77,38,243.5123114831114,571.8253081649254,29230,769.0,686.7783299646286
78,0,86.40690309776512,343.946386652557,5,769.0,235.4593573473892
79,1,168.3670223679543,411.629127201581,774,769.0,264.2286549088986
80,2,230.28446898879207,325.47073897461667,1543,769.0,444.2054880446479
81,3,8.56139826080287,79.47098825602352,2312,769.0,48.6080275766474
82,4,286.07285452680225,578.6317962849267,3081,769.0,464.7661971584381
83,5,1246.9317609610646,1106.0978550017678,3850,769.0,1053.414590526911
84,6,47.66630808908831,218.48846518553407,4619,769.0,213.78428919002715
85,7,325.852818285539,643.3817259442731,5388,769.0,676.729843404038
86,8,726.0633627673752,1072.595518841168,6157,769.0,1052.378707472323
87,9,94.9897316420744,196.4878905661581,6926,769.0,275.7646252895366
88,10,85.95686714413094,303.8762603505256,7696,769.0,312.89946327673306
89,11,122.67765793233048,312.46006657701,8465,769.0,273.72424957595433
90,12,67.41967191110345,183.99444087697955,9234,769.0,111.42020915938645
91,13,777.4960431827116,934.0381886681586,10003,769.0,835.4710739207353
92,14,9.30074304177333,114.8305853958064,10772,769.0,90.4043393094895
93,15,894.7089788209126,877.2333381969396,11541,769.0,833.1167942512175
94,16,106.63173315692084,198.49286904132248,12310,769.0,223.15432227470865
95,17,1234.9415173392397,1128.872985660312,13079,769.0,1349.2533737985375
96,18,1088.567323419718,1094.7182474400204,13848,769.0,1029.8717938317316
97,19,394.79404032559614,610.7356980257954,14617,769.0,427.2389792263219
98,20,564.564746263219,704.7462347981732,15387,769.0,607.7180586915683
99,21,282.11360964899666,571.5957752874439,16156,769.0,426.43852413868575
100,22,745.3881209192625,928.9649003349344,16925,769.0,921.4807578471246
101,23,22.41071897680751,156.0345013319483,17694,769.0,146.2635482682522
102,24,144.53118953797184,258.7080322177724,18463,769.0,311.000344343322
103,25,1086.2314225175214,990.8603624264806,19232,769.0,1150.834683251564
104,26,1057.1076672323372,1102.3736197997405,20001,769.0,1295.057855806234
105,27,668.651633253756,1055.4975726107675,20770,769.0,947.2993582228384
106,28,567.5810586667434,761.4233676478938,21539,769.0,804.4102774808952
107,29,274.7576648354283,541.3441882945154,22308,769.0,510.1567091867442
108,30,86.75514520474397,321.78224376836,23078,769.0,340.0835458607671
109,31,294.2056471174773,537.3610537987032,23847,769.0,586.4824560725164
110,32,51.298741143421445,145.34720672017133,24616,769.0,174.1382195553448
111,33,542.6522813779351,733.7454985291268,25385,769.0,739.4321586021996
112,34,705.4581451759811,812.0162824417739,26154,769.0,842.0316665997921
113,35,928.0544999568556,1022.772612059347,26923,769.0,976.555206916048
114,36,146.02595181254256,459.9188641047617,27692,769.0,392.7095440733918
115,37,22.69467023326718,127.22763557023065,28461,769.0,153.34208247460285
116,38,169.4921122520398,594.4171479312328,29230,769.0,666.7790880008754
117,0,213.51527214504176,378.01450528333794,5,769.0,470.60952348880295
118,1,109.9962876674241,452.4012663534724,774,769.0,615.8874872312961
119,2,67.532180899512,357.7088324000204,1543,769.0,364.7128933041477
120,3,9.40789445930528,87.34264256227029,2312,769.0,58.06288600774543
121,4,400.3123383284916,635.9456610160893,3081,769.0,619.768696189033
122,5,951.172418289374,1215.657584086866,3850,769.0,1200.5700544423864
123,6,25.737770491174583,240.1298931529608,4619,769.0,258.7817634843128
124,7,528.7386698114112,707.1091143249732,5388,769.0,632.4990615704104
125,8,1100.0003796703772,1178.8368192204557,6157,769.0,1261.7379076163218
126,9,37.06367532430178,215.95014696742044,6926,769.0,249.29436380984453
127,10,69.73414252979359,333.975406288516,7696,769.0,301.2335645731605
128,11,140.19155712792784,343.409444237664,8465,769.0,545.1977347477128
129,12,37.878026097544605,202.21921276717887,9234,769.0,154.28236852444294
130,13,781.4499304896406,1026.555293228908,10003,769.0,958.9863590952464
131,14,18.655061792312637,126.20463134459608,10772,769.0,162.51053151484538
132,15,628.6198636638192,964.123884492339,11541,769.0,802.0992681147219
133,16,49.38608834047612,218.15371989565884,12310,769.0,270.63238816860303
134,17,1217.84015110114,1240.6886066030286,13079,769.0,1308.2779154739858
135,18,878.3630300764135,1203.150818818482,13848,769.0,1319.0590514676996
136,19,231.99889166930328,671.229475602281,14617,769.0,695.25389796262
137,20,449.4037602707549,774.5518186432909,15387,769.0,859.1961643374306
138,21,369.6884631978601,628.2127174535408,16156,769.0,788.0234169613292
139,22,655.7559601537857,1020.9794923079908,16925,769.0,818.6418431834765
140,23,18.869364627376537,171.4898225917742,17694,769.0,124.4919335466128
141,24,49.04856137525048,284.33323508182883,18463,769.0,294.5751349834428
142,25,924.829242289144,1089.0057411357034,19232,769.0,1156.4967705000845
143,26,1211.7539505853251,1211.5644609081212,20001,769.0,965.265292697985
144,27,958.865890068168,1160.0453100304642,20770,769.0,1386.1780917101644
145,28,570.3294925264379,836.8428592429054,21539,769.0,688.4747196497727
146,29,233.81510819646985,594.9646906245238,22308,769.0,863.7673659987654
147,30,90.49472967660904,353.6549892874264,23078,769.0,537.1938193859797
148,31,325.22062492210046,590.5870240045441,23847,769.0,648.5413919290565
149,32,27.17895705697932,159.743944332064,24616,769.0,202.13336251894265
150,33,304.9315040124256,806.4234787573163,25385,769.0,724.1645922433631
151,34,501.811518585632,892.4470359367864,26154,769.0,864.1123623505642
152,35,749.1973538125234,1124.0789203449744,26923,769.0,1048.4266632990964
153,36,366.6989386487186,505.4741338529009,27692,769.0,509.43886288376274
154,37,22.38928869330112,139.8296175939548,28461,769.0,104.89614076443848
155,38,358.866170027133,653.2945622543791,29230,769.0,408.5964292529607
156,0,184.57367426966184,332.8315643094432,5,769.0,304.033355735969
157,1,139.8058120248128,398.32709875283257,774,769.0,455.1387536886693
158,2,115.61637951697492,314.9529676533579,1543,769.0,378.94056477232624
159,3,32.29543724412997,76.90283824725581,2312,769.0,99.95221870808332
160,4,215.50293094025943,559.9329819715189,3081,769.0,518.305639816449
161,5,1264.7349689839982,1070.3536761717598,3850,769.0,1137.3532742675611
162,6,42.565900614567454,211.4278866512116,4619,769.0,192.5686340981292
163,7,284.0155473101888,622.5904809706768,5388,769.0,759.5062453935758
164,8,1112.9978466170028,1037.9339869845112,6157,769.0,990.2119439463468
165,9,41.1622170448989,190.1382730648056,6926,769.0,148.29561821390757
166,10,122.57586408567512,294.05632684008066,7696,769.0,261.41583169784684
167,11,47.07697529266258,302.36274250531034,8465,769.0,221.0157554535828
168,12,18.01751085799753,178.0485562803373,9234,769.0,218.32747970349456
169,13,834.4738094553264,903.85421543393,10003,769.0,906.222311754324
170,14,21.028465690645344,111.11976997293806,10772,769.0,126.06038828097422
171,15,858.4703694116068,848.8850458877517,11541,769.0,1011.6118339569362
172,16,52.30060689734518,192.07845952465,12310,769.0,173.0064919166961
173,17,1186.187622362202,1092.3928155801138,13079,769.0,1289.6737121073068
174,18,904.2133095559966,1059.341807075342,13848,769.0,969.41957387928
175,19,343.6988868754854,590.9994279395753,14617,769.0,731.3780720084718
176,20,508.1495249326469,681.9719609556836,15387,769.0,574.2582266148959
177,21,349.4850634222107,553.1243339787374,16156,769.0,626.8390777267914
178,22,822.3335538489564,898.9448732874006,16925,769.0,857.028384327568
179,23,9.665057861381962,150.99215802205077,17694,769.0,88.62197176138369
180,24,78.08659552640914,250.34773558892064,18463,769.0,222.07891535474764
181,25,1014.1613790855314,958.8401484553744,19232,769.0,976.1174812566186
182,26,1098.6395566677213,1066.7497917402045,20001,769.0,1013.9963497352632
183,27,846.6301377743263,1021.3885705731694,20770,769.0,967.7337060360044
184,28,564.125425451338,736.8175401476592,21539,769.0,814.8513122484998
185,29,199.44629102309665,523.8503441581361,22308,769.0,528.193026897282
186,30,117.1968629255712,311.38366825936134,23078,769.0,476.82721567243215
187,31,445.3587942589237,519.9959269101499,23847,769.0,641.9207603247442
188,32,50.3129481021275,140.65022939040372,24616,769.0,123.09872855630074
189,33,472.0019942282433,710.0340970500088,25385,769.0,670.4741976703143
190,34,746.9418164734758,785.7755162372049,26154,769.0,821.0783916696083
191,35,1024.4104121724624,989.7211356618768,26923,769.0,855.2969524885281
192,36,154.69450149087737,445.05632545005255,27692,769.0,411.85295771267215
193,37,9.71327599927134,123.11620244758518,28461,769.0,153.15577776208968
194,38,210.50431731239397,575.2082210363849,29230,769.0,632.4586372043769
195,0,90.40900854258348,311.0298331855509,5,769.0,216.87098080868725
196,1,207.0004659590992,372.235161455998,774,769.0,320.9207949650018
197,2,112.33218856962064,294.3223524901084,1543,769.0,445.56483642193183
198,3,64.64980776790252,71.86541036504916,2312,769.0,90.33925345859257
199,4,250.14498422833915,523.2552457547922,3081,769.0,552.7797179028757
200,5,1056.8880068263968,1000.241446570632,3850,769.0,1079.5860133659678
201,6,40.96398692246479,197.57855734728503,4619,769.0,232.22794424029712
202,7,297.3505412220401,581.8084406777745,5388,769.0,660.2642687971289
203,8,1019.3689379775842,969.9453701129842,6157,769.0,1009.8835665890396
204,9,23.750111695956896,177.68349428106603,6926,769.0,174.60384855421924
205,10,62.185325164667645,274.79452098837845,7696,769.0,298.89306183574246
206,11,98.28999530205849,282.5568348905667,8465,769.0,321.31820252145747
207,12,56.12591250323583,166.38569984700902,9234,769.0,180.82043818734783
208,13,691.8981332873127,844.6483326596441,10003,769.0,983.8391785141744
209,14,13.404642333247043,103.84100315127216,10772,769.0,95.27846166025635
210,15,675.0271425969071,793.2798524201902,11541,769.0,984.5630279920042
211,16,30.002396908946224,179.49659116148462,12310,769.0,133.91215339855782
212,17,1305.8757557453907,1020.8369386717364,13079,769.0,985.0455943105576
213,18,911.3656666762544,989.9508967087932,13848,769.0,1099.1725286484275
214,19,261.0637136748449,552.2867215619636,14617,769.0,445.6358020570132
215,20,442.2299728669908,637.300208270094,15387,769.0,545.0160774249731
216,21,340.6129260505652,516.892590055932,16156,769.0,514.0750605294929
217,22,757.6569582266709,840.060571063012,16925,769.0,826.9767387302991
218,23,18.20502583867844,141.10159839966934,17694,769.0,144.38668113656908
219,24,61.39776224580781,233.94900841258087,18463,769.0,299.54594567849114
220,25,481.14201014371866,896.0324783030879,19232,769.0,578.9660372479037
221,26,766.7648287168868,996.8736302522112,20001,769.0,957.2696447397068
222,27,1020.515458145176,954.4837412945686,20770,769.0,1034.0118825167076
223,28,690.3926558709888,688.5531937927809,21539,769.0,794.389319100931
224,29,185.93449727231763,489.5361577131395,22308,769.0,366.0123594957085
225,30,96.60771804680684,290.98685575797793,23078,769.0,247.01718259125605
226,31,377.3122865552584,485.9342194289628,23847,769.0,563.8929363566193
227,32,25.56632822312346,131.43710535859637,24616,769.0,72.91009348260644
228,33,416.374335816531,663.5241679067266,25385,769.0,711.0046978803133
229,34,501.87045186527456,734.3042365697098,26154,769.0,594.7204082359693
230,35,1116.6088493878294,924.8906436017182,26923,769.0,1064.6690368718623
231,36,172.44413380504503,415.9034463876919,27692,769.0,379.0416500966493
232,37,12.338485728804136,115.05162375197386,28461,769.0,91.90049743038284
233,38,178.39103747806828,537.5298986654083,29230,769.0,465.2365104664894
234,0,90.43043882608988,345.55476132820235,5,769.0,237.5065365431764
235,1,100.26158138464636,413.5540023845781,774,769.0,473.45198245311855
236,2,103.47612391060488,326.99271715070705,1543,769.0,391.2030052516043
237,3,17.128154092482337,79.842613398545,2312,769.0,79.71023384847675
238,4,230.06480858285155,581.3376154584481,3081,769.0,746.8162977839183
239,5,937.5052549831736,1111.2702302550294,3850,769.0,1090.6189147173188
240,6,44.31782629121485,219.5101689392648,4619,769.0,183.37295933213372
241,7,242.8372575526601,646.3903311075745,5388,769.0,832.5659024660185
242,8,1014.7185664566975,1077.6112292444798,6157,769.0,1177.5984695953005
243,9,34.17594462181571,197.4067144280201,6926,769.0,176.1667126716483
244,10,45.15360734796407,305.29725763569644,7696,769.0,397.47890496905103
245,11,74.41130190506324,313.92120377087326,8465,769.0,220.6183742381876
246,12,23.21971217917374,184.8548424123648,9234,769.0,182.75798423419292
247,13,836.8472133536592,938.4059722153576,10003,769.0,938.5623796033996
248,14,22.6518096662544,115.36756038001148,10772,769.0,82.62742341563168
249,15,707.7511855111649,881.3354888243076,11541,769.0,875.7403080599116
250,16,99.2972186268588,199.4210686568769,12310,769.0,138.96860354235915
251,17,1134.1709667213163,1134.1518628127278,13079,769.0,1131.3334199194487
252,18,607.3770951381099,1099.837408956109,13848,769.0,896.2237093990157
253,19,442.9264570809484,613.5916426390748,14617,769.0,586.6547062509848
254,20,334.6499496649121,708.0417949226376,15387,769.0,642.617440163595
255,21,360.4948715736187,574.2686923621822,16156,769.0,454.4665973782291
256,22,686.5512775524684,933.308959985636,16925,769.0,1073.1946202756633
257,23,74.74882887028888,156.7641555751916,17694,769.0,202.16912129996444
258,24,39.49065493140047,259.9178121821871,18463,769.0,329.2009005053707
259,25,732.3692236891305,995.4938599012986,19232,769.0,877.2540929163811
260,26,1164.2269393390284,1107.528579648109,20001,769.0,1195.4012102510728
261,27,915.84459592909,1060.433328972433,20770,769.0,1208.6625963374368
262,28,349.3779120046788,764.9839634543749,21539,769.0,780.4191678790922
263,29,292.6412364215108,543.8756417914822,22308,769.0,533.0572611766086
264,30,88.50171331051476,323.2869736682329,23078,769.0,409.8887870736508
265,31,286.6514721814748,539.873881216428,23847,769.0,625.2562200909595
266,32,70.32347532621931,146.02688464538429,24616,769.0,197.18624614741876
267,33,461.9565488346229,737.1766660715122,25385,769.0,489.58325232987255
268,34,522.8239115636476,815.8134626872239,26154,769.0,943.3402630566316
269,35,909.7423227006452,1027.5553387633247,26923,769.0,1121.1626779150436
270,36,255.8454396410389,462.0695535220193,27692,769.0,534.3502857415097
271,37,20.337339047564264,127.8225820939751,28461,769.0,155.90407162411267
272,38,280.9456591978984,597.1967831435885,29230,769.0,379.8653874203373
273,0,154.12124140708144,318.08383682380696,5,769.0,310.50531118120324
274,1,136.1412335452201,380.6772718359081,774,769.0,310.37467599979755
275,2,124.6063834479056,300.9974386836786,1543,769.0,235.84004749776508
276,3,14.342217236651615,73.49528252550331,2312,769.0,54.60550582758446
277,4,357.3071169020432,535.1224173681626,3081,769.0,444.0144665778332
278,5,1044.8602602084352,1022.926430615344,3850,769.0,968.5147199217366
279,6,80.47071456649505,202.05954184994428,4619,769.0,163.0617364346315
280,7,307.42813204092005,595.0035699529161,5388,769.0,475.81687574004417
281,8,869.2980201532105,991.9432540446028,6157,769.0,820.7372997115725
282,9,17.77106259767404,181.71326853866583,6926,769.0,218.9010189754921
283,10,91.0304867642688,281.026725568151,7696,769.0,331.5520904076779
284,11,44.40890499611701,288.9650849317875,8465,769.0,300.0690116889031
285,12,47.6823808017181,170.15924568360538,9234,769.0,196.6059480155852
286,13,872.5072051082924,863.8045414085121,10003,769.0,916.5364327424224
287,14,14.610095780481492,106.1960660290902,10772,769.0,118.108719010913
288,15,993.6686704825456,811.2710493025452,11541,769.0,925.4922001787912
289,16,25.18058312000844,183.5674855645701,12310,769.0,158.56208018621282
290,17,1273.4303065167162,1043.989018347517,13079,769.0,1193.120141818611
291,18,958.9837566274532,1012.4024961439922,13848,769.0,1093.8519189704318
292,19,427.0626897153432,564.8123127676614,14617,769.0,423.9256786816672
293,20,489.8373476764365,651.7538635408949,15387,769.0,601.1540747887394
294,21,292.59301828362146,528.6154597674912,16156,769.0,474.1331334019262
295,22,727.7402824517502,859.1127316353351,16925,769.0,992.1161426957004
296,23,44.532129126278754,144.3017132512927,17694,769.0,100.31330429942484
297,24,68.12687126681432,239.25485685678552,18463,769.0,205.0827197867998
298,25,1083.0650981294525,916.3540542021268,19232,769.0,739.2644915748815
299,26,909.3405048849004,1019.4822338792648,20001,769.0,1063.965492468838
300,27,1478.4699015349806,976.1309630893074,20770,769.0,976.0044703223302
301,28,643.7603589610839,704.1692415667239,21539,769.0,769.0347979152258
302,29,266.8606053633235,500.6385969942818,22308,769.0,467.0207735253934
303,30,28.63621633541385,297.58629452620994,23078,769.0,371.06197527282535
304,31,333.3587750836521,496.9549685214143,23847,769.0,595.3770967665762
305,32,34.615265433696706,134.41803426147845,24616,769.0,141.52144652284647
306,33,541.5325490647261,678.5725696839694,25385,769.0,901.9633525056082
307,34,532.1675151724337,750.9578954914233,26154,769.0,981.3605127599644
308,35,971.3918907776532,945.8667084959932,26923,769.0,920.731273567561
309,36,293.2680722140728,425.3359319918359,27692,769.0,625.9892742759795
310,37,19.55513369958102,117.66093799113088,28461,769.0,122.53580015855074
311,38,307.867452852801,549.7208123858782,29230,769.0,474.8153393492671
312,0,59.86013940422431,316.08137147514606,5,769.0,286.81412677288625
313,1,122.07760999415154,378.2807557051736,774,769.0,381.1447472956258
314,2,85.24966778842006,299.10253906533165,1543,769.0,384.8227760774757
315,3,20.942744556619783,73.03260024017582,2312,769.0,78.47903765508042
316,4,293.77168387647293,531.7536070923203,3081,769.0,503.80340125975073
317,5,1146.2522890480436,1016.4866983988616,3850,769.0,1141.616862959375
318,6,36.41005167735688,200.78749598002173,4619,769.0,156.82826252962494
319,7,431.3808918418807,591.2577838008826,5388,769.0,621.8320660514293
320,8,957.1728976711634,985.698573353196,6157,769.0,903.8575435867696
321,9,73.22727874133518,180.56931062092303,6926,769.0,193.810481340069
322,10,58.247510570368455,279.2575495998996,7696,769.0,328.1378619101414
323,11,86.85158148052273,287.14593380695595,8465,769.0,230.1436362478337
324,12,21.25348366746244,169.0880249745052,9234,769.0,214.79688086003628
325,13,852.9092108416986,858.3665453145936,10003,769.0,761.1500268509922
326,14,23.67510570368453,105.5275191940457,10772,769.0,65.32467589411122
327,15,675.8682812245329,806.16377261467,11541,769.0,652.3236458350793
328,16,32.509740079193875,182.4118546068504,12310,769.0,232.6533500048607
329,17,1564.4160535373585,1037.4166886922335,13079,769.0,1049.521906990309
330,18,950.7652429027528,1006.029016316568,13848,769.0,859.447149001217
331,19,217.22271119164725,561.2565926905021,14617,769.0,520.6646390871334
332,20,478.7900365288924,647.650811525965,15387,769.0,705.676698635326
333,21,357.1785352010048,525.2876133999399,16156,769.0,700.6284238367085
334,22,599.908641336133,853.7042723660066,16925,769.0,817.1281825465202
335,23,29.27376726972896,143.39327608132052,17694,769.0,147.12115127399747
336,24,50.92371118205962,237.74865155840084,18463,769.0,248.23088366916636
337,25,915.9410322048686,910.5852378455096,19232,769.0,948.5131400911124
338,26,1150.6401395959772,1013.0641842628376,20001,769.0,1066.8879722975532
339,27,813.0220956654299,969.9858271123916,20770,769.0,1060.772347970085
340,28,456.8347110765956,699.7362137212655,21539,769.0,448.3156494018028
341,29,382.6805725736091,497.4868762005006,22308,769.0,462.1190750654514
342,30,61.45133795457379,295.7128694286775,23078,769.0,326.62337947055613
343,31,248.0126710194533,493.8264376465172,23847,769.0,559.0459511989085
344,32,31.41679562036797,133.57181881547697,24616,769.0,141.56804899551815
345,33,572.7564721335366,674.3006831558378,25385,769.0,774.4630486770607
346,34,740.5823798429545,746.2303143007516,26154,769.0,909.7423896377296
347,35,957.3604126518444,939.912098141917,26923,769.0,1145.4535518063244
348,36,101.9277859272682,422.6582716810863,27692,769.0,353.3792359032292
349,37,44.81608038273842,116.92021518807724,28461,769.0,168.49698913557236
350,38,329.86028130123395,546.2600993574126,29230,769.0,391.03936590091615
351,0,130.8961716570311,330.7963436003172,5,769.0,180.68865820244665
352,1,126.05292758458693,395.8913815693682,774,769.0,266.8667325280747
353,2,108.32472555392566,313.0270721827804,1543,769.0,101.93738586809708
354,3,44.56427455153834,76.43258762870012,2312,769.0,97.49941882452822
355,4,293.75025359296654,556.5090663251905,3081,769.0,582.4303415274186
356,5,1335.3745409919368,1063.808605927736,3850,769.0,1334.3034723883763
357,6,48.59316785073969,210.1350332696759,4619,769.0,114.7682429668506
358,7,351.1351952522028,618.7834230589514,5388,769.0,784.1767004978195
359,8,1153.490367302327,1031.5871588241491,6157,769.0,1114.2014402037585
360,9,18.5157649495211,188.97560283627172,6926,769.0,153.30609964110678
361,10,84.32280802676868,292.25821154630995,7696,769.0,249.12995947979772
362,11,100.26158138464636,300.51383458549907,8465,769.0,207.01455794388917
363,12,111.42675909147565,176.9598130605542,9234,769.0,152.95891174314048
364,13,752.8512171503629,898.3272672278649,10003,769.0,961.7859529965654
365,14,11.663431798352844,110.44028737184686,10772,769.0,132.86729903909233
366,15,734.3836703387312,843.6942268359511,11541,769.0,994.16499826342
367,16,51.38446227744701,190.9039253141924,12310,769.0,161.35180179832517
368,17,933.363852695564,1085.7129789324638,13079,769.0,1319.555534287809
369,18,1336.5960671518012,1052.8640729449392,13848,769.0,775.8140006946319
370,19,455.232797384493,587.385545111726,14617,769.0,645.9355366032493
371,20,278.6954794297274,677.8017931987284,15387,769.0,650.7206915447844
372,21,269.43759695496686,549.7420523085158,16156,769.0,634.2670042063828
373,22,584.5752734873108,893.4479450550285,16925,769.0,629.3610882568594
374,23,16.37809416975868,150.0688610758621,17694,769.0,97.81641647049742
375,24,65.06769829627713,248.8168925121515,18463,769.0,254.7151560992552
376,25,788.9451721460006,952.9769685886253,19232,769.0,1001.757846640682
377,26,949.8062377158416,1060.226758769729,20001,769.0,999.146389842936
378,27,812.529199144783,1015.1429154316324,20770,769.0,710.1351074750124
379,28,461.2386343371588,732.3119989750031,21539,769.0,707.5689360552618
380,29,240.5495747883529,520.6470690387063,22308,769.0,418.60293906533394
381,30,105.89774594682696,309.479598579432,23078,769.0,254.29249257129624
382,31,251.0504137064841,516.8162210390905,23847,769.0,421.8785814070157
383,32,29.20947641920979,139.79017196107733,24616,769.0,127.61419519160266
384,33,503.16162644653457,705.6923330664757,25385,769.0,969.1372793578512
385,34,427.2287744125176,780.9706035580599,26154,769.0,778.3801721143827
386,35,1216.3614615391991,983.6691226692452,26923,769.0,1053.7152703276345
387,36,101.24201685506372,442.3348652659418,27692,769.0,412.2780812719484
388,37,25.164510407378646,122.36336325887984,28461,769.0,125.304640913827
389,38,298.10060114476374,571.6908993366186,29230,769.0,661.6797530197198
390,0,301.92590675065435,299.9455472175786,5,769.0,277.68837381227314
391,1,126.81370264906376,358.96967841646205,774,769.0,329.2074510514981
392,2,104.3279776799839,283.8334772322148,1543,769.0,241.58122031676956
393,3,9.67041543225856,69.3043159789146,2312,769.0,81.7954318760915
394,4,369.0134092674088,504.6078037432482,3081,769.0,351.5999086400666
395,5,1233.1038705285664,964.5954697289408,3850,769.0,1041.0029060856784
396,6,37.899456381051,190.53737673658063,4619,769.0,337.76202684175195
397,7,350.9155348462623,561.0743166582138,5388,769.0,533.0801012848285
398,8,691.389164054036,935.37906582786,6157,769.0,932.7088202416968
399,9,18.451474099001928,171.35132144018948,6926,769.0,153.02425173606142
400,10,80.40106614509928,265.00156633232126,7696,769.0,270.1329724743209
401,11,142.30779762418385,272.48725176390974,8465,769.0,359.2784958693985
402,12,23.87333582611864,160.45615071277783,9234,769.0,169.21635279185395
403,13,727.3116767816225,814.5472855488829,10003,769.0,1023.8937545051708
404,14,36.35647596859091,100.14038265985076,10772,769.0,85.98375218299981
405,15,622.5175904353746,765.0094429652532,11541,769.0,885.5012492007595
406,16,42.919500292422896,173.0998043120277,12310,769.0,257.6227608386537
407,17,966.8915312413112,984.4569926099174,13079,769.0,1030.7921644224314
408,18,1261.300766052099,954.6716480239098,13848,769.0,911.8904045985348
409,19,269.57689379775843,532.60467403807,14617,769.0,496.68551404277247
410,20,602.2766876635891,614.5885034681312,15387,769.0,690.7443549295236
411,21,414.9277916798497,498.47189637447485,16156,769.0,513.3703586640836
412,22,786.4539016883828,810.1230197203871,16925,769.0,862.2054284087403
413,23,35.338537502037376,136.0731082025027,17694,769.0,82.46611061804738
414,24,69.62699111226163,225.6116804958032,18463,769.0,167.91605727173535
415,25,650.7144859589074,864.1002352626675,19232,769.0,944.15142081874
416,26,1332.8082645420466,961.3476735345664,20001,769.0,848.4222958954832
417,27,1149.8365039644875,920.468448832326,20770,769.0,1189.0449728814958
418,28,522.5613905906943,664.0149672632159,21539,769.0,820.2811633758641
419,29,278.4115281732677,472.09037539643896,22308,769.0,494.8924749571352
420,30,84.9282135358242,280.61684883900057,23078,769.0,246.7413404334507
421,31,249.54493629016025,468.6168007279703,23847,769.0,480.767159412268
422,32,23.21971217917374,126.75303229822202,24616,769.0,120.55792569688988
423,33,670.767873750012,639.8779100914792,25385,769.0,661.672484563925
424,34,690.3283650204696,708.1355630946588,26154,769.0,643.1124769293901
425,35,947.207815840692,891.9299713800682,26923,769.0,838.0883683408565
426,36,185.130861640828,401.08174041945375,27692,769.0,335.31199633542326
427,37,31.781110439976608,110.951486200263,28461,769.0,97.37160347498576
428,38,348.2956826876061,518.3737455333447,29230,769.0,437.296227076514
429,0,64.52122606686417,318.70956917410075,5,769.0,290.5951521870658
430,1,226.89312662390583,381.42613756384907,774,769.0,274.88809226203546
431,2,151.3781651182635,301.5895587883046,1543,769.0,302.9571900910249
432,3,9.413252030181878,73.63986194308517,2312,769.0,52.79317363690752
433,4,300.1043326526112,536.1751065310517,3081,769.0,610.5537802895357
434,5,907.8243123268234,1024.9387244998686,3850,769.0,1188.137278310512
435,6,56.527730318980645,202.45703199997368,4619,769.0,217.5864106836841
436,7,308.0656829752352,596.1740569099949,5388,769.0,513.1409216063382
437,8,837.6133459890126,993.8945980358892,6157,769.0,1026.4127353787185
438,9,50.44688737404244,182.070733638866,6926,769.0,224.52369548390584
439,10,200.3517205012416,281.5795594223984,7696,769.0,481.2904945361379
440,11,40.524666110583794,289.53353507233123,8465,769.0,299.16131727580927
441,12,63.10146978456583,170.49398178899506,9234,769.0,175.41004607017672
442,13,831.3824910595297,865.5038117998882,10003,769.0,911.5766750379412
443,14,22.898257926577887,106.4049742045318,10772,769.0,65.73695450105289
444,15,645.3837029366929,812.8669761672181,11541,769.0,655.5661418339513
445,16,32.93298817844508,183.92859826783345,12310,769.0,202.4174629968261
446,17,1641.4097046049417,1046.0427464107047,13079,769.0,1066.8002403896528
447,18,1152.4563561231437,1014.394087416536,13848,769.0,951.731482864801
448,19,190.91168061667676,565.9234076899058,14617,769.0,498.6846090457085
449,20,347.1277322365078,653.035989287738,15387,769.0,615.1931803970214
450,21,185.8327034256623,529.6553484878514,16156,769.0,466.0342854052519
451,22,820.0297983720195,860.802772330585,16925,769.0,906.3264448222596
452,23,24.987710568450925,144.58558259556926,17694,769.0,144.62129990231634
453,24,85.45861305260736,239.72551737633623,18463,769.0,255.06520089368703
454,25,954.6601969300392,918.1566996359932,19232,769.0,844.2253838223711
455,26,1078.8701201330764,1021.4877523635045,20001,769.0,1280.547147536107
456,27,853.5681920595201,978.0512012498737,20770,769.0,1136.2894369839075
457,28,613.0132597002905,705.5544784870586,21539,769.0,543.6678834421148
458,29,306.65664183469,501.62344982136375,22308,769.0,444.2625551202793
459,30,51.51840154936195,298.1717042513581,23078,769.0,304.5860703795466
460,31,175.05327082194802,497.9325749397353,23847,769.0,579.823208417694
461,32,31.170347360044488,134.68246049998268,24616,769.0,91.98810557946008
462,33,371.8904248281417,679.9074530062815,25385,769.0,634.5506773972207
463,34,568.8400878227438,752.4351747320462,26154,769.0,678.181399411194
464,35,789.791668344503,947.7274110217226,26923,769.0,973.3723209837316
465,36,185.22729791660677,426.1726499308774,27692,769.0,481.0577973520633
466,37,22.137482862101034,117.89239978435536,28461,769.0,125.32197719813556
467,38,472.0555699370093,550.8022194116937,29230,769.0,344.85722679844383
468,0,85.21216479228387,287.0041096527176,5,769.0,297.27045584045584
469,1,192.545739734039,343.4815882480989,774,769.0,525.2590052840479
470,2,114.7859560311023,271.5872103397992,1543,769.0,387.1011923198676
471,3,10.961590013518569,66.31411496897623,2312,769.0,51.9286878759101
472,4,369.6884631978601,482.83601733913866,3081,769.0,512.1753333576838
473,5,1000.6495853347524,922.9770754482298,3850,769.0,761.3282610124917
474,6,55.89553695554213,182.31645934779817,4619,769.0,144.27400394477317
475,7,399.6694298232999,536.8662285380984,5388,769.0,504.3696592154285
476,8,909.2547837508748,895.0212412420921,6157,769.0,948.8477951883508
477,9,75.56853721440831,163.95820476069417,6926,769.0,121.31536842233425
478,10,89.9375423054429,253.56782025042875,7696,769.0,224.7274540385224
479,11,68.98408260706992,260.7305286232085,8465,769.0,184.49418060730025
480,12,59.65119414003701,153.53311659671866,9234,769.0,143.9727782647868
481,13,820.6512765937048,779.402863711838,10003,769.0,907.9203930162904
482,14,11.834874066403966,95.81973005495092,10772,769.0,81.86790111281563
483,15,445.4391578220727,732.0023787347506,11541,769.0,808.5028218520955
484,16,32.16685554309163,165.63124766641505,12310,769.0,124.86459273869532
485,17,1219.5652889234043,941.981653924825,13079,769.0,965.1663689823946
486,18,1352.213386257083,913.4814265238646,13848,769.0,867.2156359120462
487,19,433.5935686139155,509.62493588307433,14617,769.0,470.1478026152385
488,20,558.6821334407149,588.0714945660299,15387,769.0,762.2057445150608
489,21,313.97508365212224,476.964849563446,16156,769.0,627.1125754255241
490,22,701.8364272634011,775.1694870647983,16925,769.0,863.404476221784
491,23,22.44286440206709,130.2021037805506,17694,769.0,75.3850006087613
492,24,70.58599629917259,215.87744871898727,18463,769.0,240.99364075778604
493,25,1112.022768717462,826.8178040074985,19232,769.0,946.6475380475808
494,26,1109.1136077314695,919.8694085275278,20001,769.0,1030.204922322059
495,27,609.8094323160852,880.7539570804383,20770,769.0,931.2588348308864
496,28,516.9145108867605,635.36540629895,21539,769.0,947.0928281832128
497,29,280.4741929607578,451.7215845447683,22308,769.0,454.2221318820464
498,30,118.65412220400572,268.50936645566105,23078,769.0,231.0924836243212
499,31,330.64784422009376,448.3978805782181,23847,769.0,421.7945325930796
500,32,24.559104898323124,121.28415146681452,24616,769.0,158.75903012150874
501,33,467.11588958878633,612.2697655485775,25385,769.0,954.4794057272262
502,34,527.6082223564491,677.5823768171527,26154,769.0,728.2982103635522
503,35,798.2566303295271,853.4467995379795,26923,769.0,987.6535208318112
504,36,388.5739005378664,383.77668505125735,27692,769.0,400.237251321012
505,37,19.372976289776705,106.16437819112936,28461,769.0,111.42730805756447
506,38,261.7494827470494,496.0080144020984,29230,769.0,513.6159779141403
507,0,84.24780203449632,283.09719328929424,5,769.0,354.04401645299794
508,1,119.43632755198897,338.8058578577399,774,769.0,373.150456660762
509,2,113.38227246143374,267.89016043533275,1543,769.0,265.4232052121176
510,3,9.84721527118628,65.41139723015453,2312,769.0,88.60789275527668
511,4,346.79020527128216,476.2632893762012,3081,769.0,406.3251276908757
512,5,1001.785390360591,910.412815502626,3850,769.0,903.208839463176
513,6,30.73102654816349,179.83463022274066,4619,769.0,118.75963815414175
514,7,324.1919713137938,529.5580005974501,5388,769.0,640.1367986309184
515,8,1151.920599035484,882.837537192518,6157,769.0,774.4761304230342
516,9,141.92205252106885,161.7262820405903,6926,769.0,182.5898755216621
517,10,67.42502948198005,250.1160638718433,7696,769.0,261.40555618938964
518,11,28.38441050421377,257.1812680570283,8465,769.0,239.15992397994415
519,12,32.39187351990873,151.44310803800872,9234,769.0,211.191402648092
520,13,750.1670741411875,768.793044202217,10003,769.0,754.8658692767286
521,14,16.46917287466084,94.515359634111,10772,769.0,78.75108823970938
522,15,641.7137668862235,722.0378103701925,11541,769.0,741.9086282162908
523,16,41.09792619437973,163.37655022467754,12310,769.0,126.87244711321944
524,17,1159.0997440101246,929.1586893261064,13079,769.0,1019.2426771549524
525,18,1108.5778506438098,901.0464285118574,13848,769.0,778.0028769928243
526,19,447.69469516112025,502.6875369600437,14617,769.0,751.7525142462545
527,20,585.4860605363324,580.0662219315616,15387,769.0,586.9901488575975
528,21,302.84740894142914,470.4720443635761,16156,769.0,491.8067469300747
529,22,935.0675602343218,764.6172954703833,16925,769.0,685.6227864412887
530,23,29.836312211771705,128.42969456164457,17694,769.0,91.1786713903984
531,24,83.29951198933855,212.93876209908183,18463,769.0,193.62226222715947
532,25,675.2575181446008,815.5625365761176,19232,769.0,641.8420387305972
533,26,1135.794310696925,907.3474524874646,20001,769.0,936.448102921308
534,27,709.4441779081696,868.7644700614852,20770,769.0,1076.755775062299
535,28,436.063408788027,626.7163332747826,21539,769.0,703.5923999159336
536,29,340.136102242548,445.57240970366576,22308,769.0,562.496700153121
537,30,139.1843338031275,264.8542144830728,23078,769.0,305.9743315219023
538,31,134.48574414435146,442.29395050183297,23847,769.0,424.2559857087099
539,32,11.599140947833677,119.6331401396144,24616,769.0,100.6866767946678
540,33,375.587148732994,603.9350878021661,25385,769.0,469.5611147206293
541,34,519.3629207773655,668.3586145554991,26154,769.0,856.0692854955414
542,35,1051.2571998350927,841.8290381391589,26923,769.0,919.7961749782328
543,36,249.42706973087508,378.5524274176596,27692,769.0,282.48852469450867
544,37,39.22813395844719,104.71918861921182,28461,769.0,142.7751028912841
545,38,331.0818074610982,489.2559792824566,29230,769.0,538.9333824121055
546,0,79.30276411539678,344.8722689043347,5,769.0,462.36623081171433
547,1,115.12884056720452,412.737207175614,774,769.0,519.5718553522378
548,2,175.18721009386297,326.34688593351456,1543,769.0,406.8130383418249
549,3,11.508062242931516,79.68491920693018,2312,769.0,96.48629547673998
550,4,342.91668152750213,580.1894370431526,3081,769.0,636.5483085048407
551,5,782.8268262049262,1109.0754015393045,3850,769.0,1145.9852471571894
552,6,54.79723492583964,219.076622526282,4619,769.0,159.07412733304318
553,7,284.1869895782399,645.1136694804953,5388,769.0,698.0345189807213
554,8,1054.6914027669918,1075.482879176296,6157,769.0,911.749066782732
555,9,43.53562094323161,197.01682373023357,6926,769.0,198.05578675171628
556,10,102.1635190458385,304.6942763178786,7696,769.0,269.25200282360856
557,11,149.06369449957336,313.3011896161224,8465,769.0,222.1498200863907
558,12,108.919415921228,184.4897424525877,9234,769.0,148.16807566685807
559,13,738.2946970786475,936.552561299856,10003,769.0,880.0695833714326
560,14,12.161685889876416,115.13970218000632,10772,769.0,115.4499206683028
561,15,685.3083211090977,879.5947957089928,11541,769.0,758.356158283012
562,16,10.420475354982216,199.0271994825823,12310,769.0,122.35866046838252
563,17,1246.8406822561626,1131.9118414311388,13079,769.0,1137.8647238386447
564,18,747.8686762351272,1097.6651607827262,13848,769.0,890.2359749679052
565,19,391.7616552094419,612.3797604880662,14617,769.0,774.9906411273952
566,20,535.757087659754,706.6433677704289,15387,769.0,729.5408904608115
567,21,323.72586264752977,573.1344755153497,16156,769.0,426.9727096035609
568,22,623.3319412086174,931.4656159904048,16925,769.0,898.1204365620737
569,23,33.65090267590915,156.45453649165523,17694,769.0,120.98950246699998
570,24,70.62349929530878,259.40445812808355,18463,769.0,264.71961771558364
571,25,967.5397973173796,993.5276968110325,19232,769.0,1015.7263876463468
572,26,1033.9522459036828,1105.3411409280598,20001,769.0,942.4056160550676
573,27,919.610968255338,1058.338906339509,20770,769.0,1107.286861807768
574,28,337.8055589112281,763.4730719319109,21539,769.0,516.6604274182636
575,29,193.15650281397112,542.801453134315,22308,769.0,652.1755946585519
576,30,61.46741066720358,322.6484615278834,23078,769.0,283.2268569066856
577,31,400.773089423879,538.8075962885109,23847,769.0,654.142775695021
578,32,28.15939252739667,145.7384723483915,24616,769.0,80.59147270206905
579,33,491.1178071159433,735.7206957132629,25385,769.0,832.3221652542528
580,34,629.2199116019981,814.2021797014731,26154,769.0,637.5555051955131
581,35,895.8822868428874,1025.525852232405,26923,769.0,954.7752504123856
582,36,132.2355643761805,461.15693704303766,27692,769.0,523.2229433559246
583,37,9.600767010862793,127.57012444140788,28461,769.0,163.48061285473412
584,38,407.5825620080345,596.0172818729735,29230,769.0,411.4555855878921
585,0,157.255420369891,360.4196325473128,5,769.0,136.42717046040937
586,1,199.17305490839016,431.3440249094181,774,769.0,557.5998023049136
587,2,50.51117822456161,341.05909728492736,1543,769.0,295.4688507921946
588,3,10.050802964496985,83.27723592090503,2312,769.0,81.72472694608489
589,4,256.563354138503,606.3452546395705,3081,769.0,488.5227539705291
590,5,981.1105243478012,1159.074198572175,3850,769.0,1300.0958373181963
591,6,30.254202740146308,228.95292811302195,4619,769.0,206.26077694321805
592,7,382.19303362383874,674.1963696997218,5388,769.0,709.470627142939
593,8,897.9985273391435,1123.9672744785732,6157,769.0,1219.4237130133974
594,9,35.58498576236086,205.89864021275312,6926,769.0,131.32862641668098
595,10,102.48497329843434,318.4303552693647,7696,769.0,504.8052010779197
596,11,110.26952378213058,327.4252812405802,8465,769.0,417.6036510138944
597,12,29.98632419631643,192.8068191587621,9234,769.0,120.67102467366168
598,13,968.4880873625372,978.7737676831692,10003,769.0,1229.3740973568028
599,14,15.92270064524789,120.33037415030998,10772,769.0,108.1713683083921
600,15,500.65428327628695,919.2482598474857,11541,769.0,721.871602010588
601,16,21.01775054889215,207.99964674553576,12310,769.0,150.76888144792918
602,17,937.0712917421694,1182.9401397238164,13079,769.0,772.0840373831775
603,18,914.8534453169192,1147.1495668996208,13848,769.0,1406.1291065114765
604,19,324.3419832983385,639.9867665664497,14617,769.0,747.5945790570112
605,20,480.9759254465442,738.4999198774731,15387,769.0,799.3694714752595
606,21,266.4855754019616,598.9722447725715,16156,769.0,491.64766806184656
607,22,760.0892954046462,973.4574951830764,16925,769.0,1082.4866881486153
608,23,33.484817978734625,163.5077436983619,17694,769.0,180.8831851384668
609,24,24.789480446016817,271.09880355614627,18463,769.0,309.185578961451
610,25,916.5035771469114,1038.3174285014527,19232,769.0,862.7723336964623
611,26,1078.275429765774,1155.1715918429743,20001,769.0,1072.914582879422
612,27,796.7618680549564,1106.0504254090126,20770,769.0,1010.1531503927528
613,28,634.0631556744423,797.8915930807934,21539,769.0,822.8721148252201
614,29,426.90732015992177,567.2717638514608,22308,769.0,490.1838925138084
615,30,94.93079836243182,337.1939423117063,23078,769.0,268.4465673604342
616,31,270.1394387398012,563.0978578967012,23847,769.0,376.7659579152571
617,32,14.727962339766638,152.30858317107723,24616,769.0,78.63270668730767
618,33,422.0158579495882,768.888097755356,25385,769.0,598.7170929801425
619,34,581.2535795438204,850.9076457771918,26154,769.0,755.7029087781663
620,35,825.5855993710511,1071.7581091795562,26923,769.0,1292.2506582573628
621,36,197.7425834843386,481.946589453968,27692,769.0,532.7649587370754
622,37,25.389528384195746,133.3211786533681,28461,769.0,133.69698235957418
623,38,425.8143757010959,622.8866426604277,29230,769.0,691.9053205664812
624,0,226.9199144782888,335.4614971907017,5,769.0,359.263674767592
625,1,132.73917603858067,401.4745572478821,774,769.0,441.14621754026456
626,2,97.68458979300294,317.4416293504541,1543,769.0,320.3813306579289
627,3,28.952313017133108,77.51050087501227,2312,769.0,66.0999849864273
628,4,459.59921764892,564.357400561875,3081,769.0,654.0347055454162
629,5,1151.4598479400966,1078.8112824489187,3850,769.0,982.1618890062936
630,6,36.87616034362087,213.0985249281812,4619,769.0,264.920412268437
631,7,280.2277447004344,627.509999889685,5388,769.0,659.7292850764377
632,8,982.9374560167208,1046.1354228267212,6157,769.0,1019.2531960053936
633,9,25.18058312000844,191.6406873486081,6926,769.0,154.16696359386506
634,10,61.933519333467565,296.3798696942669,7696,769.0,191.3501186499169
635,11,83.04234858726187,304.7519201069963,8465,769.0,358.52889031197634
636,12,41.94442239288214,179.4554413322218,9234,769.0,214.93976127707867
637,13,550.945801094908,910.996194067975,10003,769.0,875.8936871128758
638,14,15.740543235443573,111.99780429464086,10772,769.0,134.1593951878298
639,15,517.6538556677309,855.5926750130747,11541,769.0,882.2005870235771
640,16,35.772500743041775,193.59620456645052,12310,769.0,153.50871918570937
641,17,1001.040688008744,1101.024568373469,13079,769.0,912.234901646868
642,18,736.8802983672257,1067.712400942242,13848,769.0,885.5683491118156
643,19,344.63110420801337,595.6693240522476,14617,769.0,714.9605833235496
644,20,426.6340840452153,687.3606941064442,15387,769.0,613.9583366953774
645,21,448.3911793750779,557.4949527221041,16156,769.0,550.2157851707171
646,22,593.983167946616,906.048059806391,16925,769.0,704.4286727930581
647,23,9.08108263583283,152.18525171801156,17694,769.0,194.97811689951936
648,24,42.50696733492488,252.32590656840677,18463,769.0,246.50487684956897
649,25,1001.4639361079952,966.4166090579783,19232,769.0,944.014329352246
650,26,1278.8950288108456,1075.1789212285507,20001,769.0,1089.9915078678948
651,27,1046.140719647942,1029.4592696123825,20770,769.0,1153.4585152216991
652,28,515.0500762217046,742.6396462340903,21539,769.0,779.2082991614458
653,29,343.1202692208129,527.989648817592,22308,769.0,520.686634860662
654,30,73.90769024266307,313.84412644799886,23078,769.0,237.13637504046903
655,31,339.9700175453735,524.1047751473624,23847,769.0,554.3183317145714
656,32,19.898018235683264,141.76160434006584,24616,769.0,104.37000871641068
657,33,398.6782792111293,715.6445685884305,25385,769.0,791.7608669448804
658,34,510.81223765831584,791.9844732263887,26154,769.0,877.791880289883
659,35,1053.7484702927106,997.541608348577,26923,769.0,1224.7172994069283
660,36,191.92961908323028,448.57302395411926,27692,769.0,377.3424339776362
661,37,24.1733597952081,124.08902889721708,28461,769.0,87.88328249353384
662,38,210.5686081629131,579.7533398781404,29230,769.0,465.2563324901541
663,0,178.07494079634904,335.5558084301254,5,769.0,304.316911886121
664,1,110.56419018034345,401.5874273191368,774,769.0,454.1938331672598
665,2,69.08051888284868,317.5308745060366,1543,769.0,218.99670291814945
666,3,11.3259048331272,77.53229208344331,2312,769.0,93.481671886121
667,4,338.4698976999262,564.5160633186167,3081,769.0,631.3113595729538
668,5,1239.2704346075302,1079.1145781475432,3850,769.0,1028.3137030604985
669,6,53.22210908811997,213.15843518963788,4619,769.0,191.77141010676155
670,7,349.23861516188725,627.6864172917891,5388,769.0,614.5443766548043
671,8,1076.0895408481224,1046.429532073708,6157,769.0,1143.4776103914592
672,9,41.75154984132463,191.6945649795709,6926,769.0,186.3967881850534
673,10,141.99705851334122,296.46319357222364,7696,769.0,295.297959430605
674,11,65.9892004870519,304.8375976930762,8465,769.0,473.4260985053381
675,12,29.27376726972896,179.5058932178632,9234,769.0,192.8279597153025
676,13,682.4634509736245,911.2523104357024,10003,769.0,1097.8928540925267
677,14,17.187087372124907,112.02929122182684,10772,769.0,142.35857551601424
678,15,554.6746704250199,855.8332153024912,11541,769.0,1061.388299501779
679,16,54.084677999252165,193.65063196915776,12310,769.0,247.63072854092525
680,17,1241.4991840921948,1101.3341090884207,13079,769.0,1277.9044076868329
681,18,981.9891659715632,1068.012576314749,13848,769.0,934.1276647686832
682,19,366.46320553014834,595.8367898052732,14617,769.0,576.7535877580071
683,20,459.9474597558988,687.5539378603031,15387,769.0,920.668141494662
684,21,373.5030536619975,557.6516861785633,16156,769.0,473.47203544483983
685,22,709.6477656014804,906.3027850616388,16925,769.0,868.3612797153027
686,23,21.810671038628584,152.22803689554078,17694,769.0,105.34871459074736
687,24,65.97312777442211,252.39684516847407,18463,769.0,231.49155046263343
688,25,1047.8015666196873,966.6883062541192,19232,769.0,1177.4250086832742
689,26,1024.565781727884,1075.481195729537,20001,769.0,1061.5720472597866
690,27,935.8872685784412,1029.7486905458322,20770,769.0,1034.1630066903913
691,28,477.7238799244495,742.8484310456648,21539,769.0,722.7411814946619
692,29,344.4918073652218,528.1380871886118,22308,769.0,464.68276768683273
693,30,131.76945570991649,313.93236020596817,23078,769.0,438.71308455516026
694,31,164.8578134437829,524.2521213296993,23847,769.0,462.9065393594306
695,32,64.74624404368127,141.80145902598352,24616,769.0,163.10675985765124
696,33,474.2361012837845,715.8457640365388,25385,769.0,826.3289800711744
697,34,520.3594289604126,792.2071307829184,26154,769.0,836.5576052669039
698,35,946.088083527483,997.8220559893584,26923,769.0,990.3697910320284
699,36,136.85914804268415,448.6991352313164,27692,769.0,513.3912358718861
700,37,20.487351032108997,124.12391513665794,28461,769.0,115.9601476156584
701,38,269.2554395451626,579.9163310306327,29230,769.0,533.0216213523132
702,0,97.89353505719023,354.92512061756435,5,769.0,399.9810323527751
703,1,99.07220065004172,424.76828741715104,774,769.0,469.85138275647904
704,2,121.9275980096068,335.85973212954764,1543,769.0,332.2323824365272
705,3,86.64263621633542,82.00769418420784,2312,769.0,76.46219848305196
706,4,227.07528403371012,597.1016648505873,3081,769.0,534.6685228389138
707,5,1133.2441069596648,1141.4043869514596,3850,769.0,900.8967016355184
708,6,70.99852925667061,225.4625949533744,4619,769.0,249.19453206105436
709,7,331.21574673301313,663.9184057327565,5388,769.0,690.7187838819567
710,8,979.38002895466,1106.8326596002933,6157,769.0,958.101633862195
711,9,45.67864929387063,202.7597642115424,6926,769.0,233.38705362016077
712,10,155.62671882340535,313.57595992620344,7696,769.0,342.7922963130259
713,11,74.40594433418664,322.4337603815121,8465,769.0,210.89054997835615
714,12,24.15192951170171,189.86752486861107,9234,769.0,216.2838802250955
715,13,743.6308376717386,963.8525934256768,10003,769.0,1068.3328820883444
716,14,31.202492785304077,118.4959660976544,10772,769.0,136.7767985997403
717,15,770.6437100315434,905.2345378578284,11541,769.0,876.7643831140723
718,16,30.891753674461416,204.82874139737388,12310,769.0,172.44080221331376
719,17,1204.4837269057823,1164.9064974830942,13079,769.0,1125.0519287072063
720,18,1281.177354004276,1129.6615434643045,13848,769.0,1197.3031185892007
721,19,479.40079960882446,630.2303198964174,14617,769.0,396.4178712288032
722,20,483.601135176077,727.2416635188871,15387,769.0,734.8857856322812
723,21,309.3782878400016,589.8410547726509,16156,769.0,429.7172315510135
724,22,711.6032789714385,958.6173662406436,16925,769.0,1020.408364970922
725,23,10.940159730012176,161.01510687387108,17694,769.0,120.24049174712512
726,24,60.776284024122496,266.9659665079751,18463,769.0,257.56796070238835
727,25,814.9079606139923,1022.4885252382044,19232,769.0,1093.5827375077636
728,26,1105.0257811526255,1137.5612745374808,20001,769.0,1045.9497517550296
729,27,837.5061945714807,1089.188948651041,20770,769.0,777.9190542977058
730,28,549.5849780922523,785.7279247316427,21539,769.0,845.6353118400993
731,29,523.1935839541328,558.6238401746559,22308,769.0,639.9923264261381
732,30,52.08094649140469,332.05350052839884,23078,769.0,336.9778652061807
733,31,411.4989463188273,554.5135644275516,23847,769.0,677.9399923964393
734,32,22.491082539956476,149.98667489620902,24616,769.0,160.76335143884214
735,33,318.6361703147621,757.1665808227182,25385,769.0,975.7716737997102
736,34,570.8813223267275,837.9357602619845,26154,769.0,923.5389709596672
737,35,672.7930355413658,1055.4194106600785,26923,769.0,1174.8713996951049
738,36,156.66608757346526,474.5994278508643,27692,769.0,413.24570944610696
739,37,14.915477320447552,131.28872886304512,28461,769.0,124.30573466583854
740,38,149.71196057564163,613.3908833290341,29230,769.0,691.318042798261
741,0,162.63442152999494,354.5567707456362,5,769.0,202.33930292809308
742,1,116.15213660463466,424.327452617977,774,769.0,399.9865861976905
743,2,105.28162529601826,335.5111687787753,1543,769.0,474.50880187710806
744,3,10.0186575392374,81.92258461631553,2312,769.0,103.4833025370289
745,4,270.2090871611969,596.481978305456,3081,769.0,683.6596229990863
746,5,919.825271090402,1140.2198098806114,3850,769.0,1284.901493789976
747,6,68.44296794853358,225.2286044208612,4619,769.0,216.107953719058
748,7,264.3746924765822,663.2293751583725,5388,769.0,556.3602758506587
749,8,1030.9466486419117,1105.6839619040009,6157,769.0,1065.1208212347851
750,9,31.727534731210632,202.5493352257058,6926,769.0,201.07731143373908
751,10,140.85053834574933,313.2505232130241,7696,769.0,260.7306786091652
752,11,133.55888438270009,322.0991308288471,8465,769.0,389.9877305116549
753,12,38.847746426208765,189.6704757604866,9234,769.0,206.86952880526133
754,13,803.5820557808651,962.852283899182,10003,769.0,844.2723097228335
755,14,17.24602065176748,118.37298811891868,10772,769.0,118.96696741006464
756,15,599.0032118579879,904.2950635667312,11541,769.0,1069.8937377839443
757,16,44.04459017650838,204.61616517698795,12310,769.0,156.64873908122476
758,17,887.9905849416593,1163.6975293536773,13079,769.0,1011.3891064559434
759,18,904.7758544980394,1128.4891534003573,13848,769.0,1230.409348238895
760,19,270.6376928313247,629.5762516320605,14617,769.0,691.4580832590688
761,20,343.4685113277917,726.4869145364769,15387,769.0,858.8013912860371
762,21,295.7861305260736,589.2289034642131,16156,769.0,710.3394175399808
763,22,834.7631182826627,957.6224899595044,16925,769.0,998.1867338996244
764,23,22.40536140593091,160.84800150276547,17694,769.0,142.47560383694127
765,24,48.95748267034832,266.6889027729504,18463,769.0,191.02991761330523
766,25,814.404348951592,1021.4273619239136,19232,769.0,893.1340316837194
767,26,1143.798521586562,1136.3806859416184,20001,769.0,1130.0810244377517
768,27,912.5389746982293,1088.05856202458,20770,769.0,926.0590661838528
769,28,641.9762878591769,784.9124772932036,21539,769.0,570.9055367919951
770,29,287.62119251013894,558.0440868463305,22308,769.0,629.8955494639789
771,30,118.50946779033758,331.70888737681315,23078,769.0,310.07778191403355
772,31,268.45180391367296,553.938076842779,23847,769.0,321.19301469122854
773,32,19.33547329364052,149.83101509846685,24616,769.0,142.63739761826875
774,33,558.5910547358127,756.3807750375742,25385,769.0,648.0811704851827
775,34,446.7142596907029,837.0661302694963,26154,769.0,858.8499294204354
776,35,979.6371923567368,1054.3240708766596,26923,769.0,587.8129869407124
777,36,211.19544395547504,474.1068770892789,27692,769.0,573.6560310745616
778,37,10.554414626897154,131.1524742457947,28461,769.0,157.7003986598531
779,38,373.9102290486189,612.754291439108,29230,769.0,553.0920414678444
780,0,145.43126144524024,317.25333910543435,5,769.0,518.7297696249467
781,1,59.06186134361128,379.6833464329296,774,769.0,370.8025338227724
782,2,151.08349872005064,300.2115525205873,1543,769.0,365.0116848972616
783,3,49.63253660079961,73.30339077439118,2312,769.0,95.4476674147323
784,4,237.95115291320317,533.725245002814,3081,769.0,430.30350653239617
785,5,826.4213804278004,1020.255631384638,3850,769.0,993.2898390705594
786,6,63.87831756167247,201.53197656980475,4619,769.0,181.62997654864725
787,7,318.4593704758344,593.4500515088363,5388,769.0,532.1066306428767
788,8,1155.0279901439103,989.3533500197232,6157,769.0,1065.8491761072105
789,9,36.00287629073547,181.2388261513181,6926,769.0,194.55804677485017
790,10,101.01699887824662,280.2929817328257,7696,769.0,376.41965728051787
791,11,109.72840912359422,288.2106145188247,8465,769.0,368.50067137488185
792,12,23.166136470407764,169.71497015325664,9234,769.0,160.23278976888477
793,13,846.3461865178666,861.5491998359157,10003,769.0,1140.652467102496
794,14,13.715381444089704,105.91879450401684,10772,769.0,94.55008583127812
795,15,685.9512296142894,809.1528695102133,11541,769.0,601.0611642233968
796,16,34.42239288213919,183.08820192837183,12310,769.0,186.88517194854836
797,17,1149.6061284167938,1041.2632259702575,13079,769.0,1145.1114207751395
798,18,1328.1739657337898,1009.7591742716266,13848,769.0,938.5952709691096
799,19,463.9227773463342,563.3376218756431,14617,769.0,587.800120183977
800,20,569.970535277706,650.0521735021422,15387,769.0,761.1347056468302
801,21,341.2504769848803,527.2352766760863,16156,769.0,487.16964298091256
802,22,977.3227217380468,856.8696400951532,16925,769.0,606.9388758827905
803,23,14.685101772753857,143.9249501789872,17694,769.0,182.91844043457343
804,24,95.41833731220218,238.63017685193756,18463,769.0,255.91209114063747
805,25,721.3058398289567,913.9615090202166,19232,769.0,676.9357622699025
806,26,952.2332173229404,1016.8204272385608,20001,769.0,1094.687603756254
807,27,961.8554146173096,973.5823440026744,20770,769.0,839.398028875109
808,28,541.7307791871602,702.330698136448,21539,769.0,590.5362963012809
809,29,298.49706138963194,499.3314598046504,22308,769.0,612.3243653835153
810,30,288.65520368932226,296.80931465483127,23078,769.0,382.9777936886589
811,31,328.84234283468044,495.65744906361306,23847,769.0,511.3609143672341
812,32,27.8807988418136,134.06707687905688,24616,769.0,182.0642902180606
813,33,318.6308127438855,676.8008576205707,25385,769.0,753.3025824750766
814,34,763.2127592257026,748.9971897069762,26154,769.0,757.254836866738
815,35,940.5001371031916,943.3971075532525,26923,769.0,943.4016755772836
816,36,219.9925753348482,424.2254055199837,27692,769.0,392.127334990966
817,37,25.148437694748853,117.3537323766647,28461,769.0,102.20848353526618
818,38,354.140792513974,548.285524491381,29230,769.0,628.973056044359
819,0,191.56530426362164,317.198909274866,5,769.0,265.6385663825177
820,1,131.1158320629716,379.6182057467064,774,769.0,419.4894993641972
821,2,125.20643138608452,300.16004647817846,1543,769.0,213.37064663495505
822,3,9.23109462037756,73.29081441774453,2312,769.0,67.43734093156878
823,4,279.3223152222894,533.6336759913183,3081,769.0,433.12460886356143
824,5,1184.280327130133,1020.080590386459,3850,769.0,983.34904347007
825,6,24.334086921506028,201.49740057016447,4619,769.0,175.05627843451228
826,7,337.42517137898966,593.348235761694,5388,769.0,662.1423397541563
827,8,1028.0749906520552,989.1836107969128,6157,769.0,1012.6746611406772
828,9,99.24364291809285,181.2077317627528,6926,769.0,151.76658503273205
829,10,54.36862925571184,280.2448930364286,7696,769.0,303.56211934253287
830,11,184.8844133805045,288.1611674272339,8465,769.0,301.7383148872039
831,12,27.2271751948687,169.68585286454226,9234,769.0,207.98608110017423
832,13,645.3890605075695,861.4013874374536,10003,769.0,867.6677323034897
833,14,21.023108119768747,105.90062245875136,10772,769.0,88.049226204493
834,15,839.1938293976089,809.0140465313428,11541,769.0,712.702252154665
835,16,41.93370725112894,183.05679025012728,12310,769.0,117.66433664578722
836,17,888.2209604893529,1041.0845807868018,13079,769.0,967.5572128290868
837,18,1141.8537233583572,1009.585934106762,13848,769.0,1060.397544388452
838,19,308.0924708296181,563.240972392306,14617,769.0,622.0910149295906
839,20,581.2107189768076,649.9406467652951,15387,769.0,743.7358771723261
840,21,488.8515546351425,527.1448211213551,16156,769.0,365.00695992087793
841,22,880.0774527569247,856.7226305492142,16925,769.0,1092.3864955493805
842,23,29.97025148368664,143.90025757630295,17694,769.0,114.59571327650356
843,24,66.92141781957987,238.5892360689937,18463,769.0,226.29649884613573
844,25,924.3202730558672,913.8047044607366,19232,769.0,921.773931144916
845,26,946.3506045004362,1016.6459756040122,20001,769.0,1008.9402043988132
846,27,849.0196143852887,973.4153105455084,20770,769.0,1112.7378373286865
847,28,483.0439478049108,702.2102021914401,21539,769.0,706.6518532473037
848,29,293.1341329421578,499.2457915912559,22308,769.0,565.524127537324
849,30,143.79184475700137,296.7583923201655,23078,769.0,331.0494579192766
850,31,319.7987631949838,495.5724111848992,23847,769.0,674.3589346771536
851,32,11.775940786761392,134.04407555052904,24616,769.0,241.3790721989356
852,33,364.8452191254159,676.6847417236897,25385,769.0,556.361681345076
853,34,641.9227121504109,748.8686873868846,26154,769.0,589.088839071257
854,35,893.385658814393,943.2352528510528,26923,769.0,835.0708463241181
855,36,135.87335500139022,424.15262293868665,27692,769.0,270.71916450807703
856,37,12.46170985896588,117.33359848685969,28461,769.0,132.6021636132435
857,38,352.2227821401521,548.191457433536,29230,769.0,518.7565704328168
858,0,79.16882484348184,296.6409496193808,5,769.0,278.1755599110309
859,1,97.02025100430484,355.01479277763514,774,769.0,404.2005945957849
860,2,63.61579658871919,280.7063915466609,1543,769.0,276.4158118434671
861,3,9.943651546965034,68.540767800743,2312,769.0,65.30018983020986
862,4,321.5453313007546,499.0483755345269,3081,769.0,332.253971679623
863,5,1287.9118205961593,953.96820787402,3850,769.0,1018.3797432227092
864,6,89.76610003739178,188.4381645183247,4619,769.0,201.68066506639653
865,7,257.5009290419076,554.8927785209122,5388,769.0,708.0143301988593
866,8,793.7884162184447,925.0736905922108,6157,769.0,1162.7061578101257
867,9,136.85379047180757,169.46348823002177,6926,769.0,158.1607417031866
868,10,119.68813338318904,262.0819579309163,7696,769.0,215.7315765597128
869,11,183.8343294886914,269.4851711327031,8465,769.0,322.79194168556893
870,12,32.47759465393429,158.68835314025088,9234,769.0,163.62949723623072
871,13,864.3476246632343,805.5731533158386,10003,769.0,789.2334717787222
872,14,8.143507732428262,99.03710351105146,10772,769.0,118.3227527582638
873,15,604.1250496160152,756.581085247418,11541,769.0,837.355813164791
874,16,19.244394588738363,171.1927074976746,12310,769.0,172.9020158999317
875,17,1217.095448749293,973.6109099009518,13079,769.0,1025.7706851064763
876,18,1035.9077592736407,944.15372013869,13848,769.0,1008.728201898302
877,19,325.8313880020326,526.7367952082556,14617,769.0,349.5671853597305
878,20,466.58013250112657,607.8173821386735,15387,769.0,625.3332440705586
879,21,224.39649859541137,492.98006945185904,16156,769.0,578.5239454733643
880,22,665.7746176930231,801.1976310621889,16925,769.0,632.9272338082759
881,23,15.338725419698758,134.57394653560488,17694,769.0,127.4192966152084
882,24,51.06836559572776,223.12604327128733,18463,769.0,212.18500737739217
883,25,814.8275970508432,854.5801620742506,19232,769.0,840.1443370256998
884,26,830.139534616159,950.7561937060932,20001,769.0,890.3242299984586
885,27,647.1088407589573,910.3273487111704,20770,769.0,915.9488691669052
886,28,614.60445825064,656.699298514869,21539,769.0,702.8027686141513
887,29,327.51366525728423,466.889202266385,22308,769.0,831.3320601642846
888,30,55.45621614366114,277.52520179409703,23078,769.0,394.2377132286552
889,31,264.910449564242,463.4538970992078,23847,769.0,558.1785505076086
890,32,58.472528547185554,125.35655293727604,24616,769.0,101.44270783324892
891,33,527.6939434904747,632.8281671483231,25385,769.0,739.1347979475435
892,34,651.185952196048,700.3338033995782,26154,769.0,658.8496764958488
893,35,769.4168263008025,882.1032889421218,26923,769.0,933.3974480829792
894,36,187.7721440829906,396.6628925040029,27692,769.0,445.4599185183553
895,37,46.75016346919013,109.72909760935022,28461,769.0,83.49327754409919
896,38,201.7607616417868,512.6626534689718,29230,769.0,418.9960148869167
897,0,92.3645219125416,361.4115232021267,5,769.0,487.9046207507177
898,1,130.26933586446918,432.531102606306,774,769.0,344.1752815862198
899,2,97.32027497339432,341.9977068965771,1543,769.0,497.2227018325239
900,3,10.32403907920346,83.50641853086687,2312,769.0,77.85957661452603
901,4,321.0685074927374,608.0139434049885,3081,769.0,652.9088707037644
902,5,992.5650108819668,1162.2640216616503,3850,769.0,957.272032411258
903,6,24.35015963413582,229.5830166245232,4619,769.0,221.09415041184835
904,7,483.67078359747273,676.051787713131,5388,769.0,632.0462643878619
905,8,768.6560512363257,1127.060481771396,6157,769.0,1400.3014343591533
906,9,41.71404684518845,206.465282311638,6926,769.0,226.53656945077944
907,10,90.30721469592814,319.3066895893585,7696,769.0,350.5577548227845
908,11,107.31750222912532,328.3263699918145,8465,769.0,388.753641168737
909,12,40.931841497205205,193.33743199124388,9234,769.0,197.75771726006812
910,13,996.1492257984104,981.4673960698374,10003,769.0,946.156303828714
911,14,17.57283247523993,120.66152862368423,10772,769.0,117.35834509404091
912,15,587.7523130171331,921.778071422822,11541,769.0,541.5206943736417
913,16,35.33317993116078,208.57207090665415,12310,769.0,249.4277137721016
914,17,852.0305692179365,1186.1956429312954,13079,769.0,1038.3970604491426
915,18,728.4849848035973,1150.3065728791223,13848,769.0,1066.730623809396
916,19,419.7603206105407,641.7480382498907,14617,769.0,679.2468804164095
917,20,569.4883538988121,740.5323040845436,15387,769.0,660.841608757479
918,21,383.9128138752265,600.620642691086,16156,769.0,647.1201159078104
919,22,850.8679763377149,976.1364929543864,16925,769.0,1266.962167905342
920,23,30.039899905082407,163.95772418865283,17694,769.0,199.0276150358187
921,24,51.80235280582161,271.84487936749446,18463,769.0,308.2553159292748
922,25,969.57031667961,1041.1749236572575,19232,769.0,994.659801990824
923,26,757.0140497214792,1158.3506747873678,20001,769.0,1304.5148592739663
924,27,789.0469659926559,1109.0943247464666,20770,769.0,1106.229392288911
925,28,584.8913701690301,800.0874257804107,21539,769.0,600.8430618979903
926,29,261.1440772379939,568.8329206545111,22308,769.0,628.1870945238926
927,30,94.27717471548692,338.1219148471506,23078,769.0,313.5822897158649
928,31,355.6677002138043,564.6475279272871,23847,769.0,706.4919599688765
929,32,22.53930067784585,152.7277430798413,24616,769.0,123.57589654154708
930,33,666.9854287111342,771.0041115622926,25385,769.0,929.020929945534
931,34,388.4346036950748,853.249380981767,26154,769.0,981.3671057927075
932,35,774.2011370936041,1074.7076345569697,26923,769.0,919.45546618014
933,36,156.71966328223124,483.2729276304437,27692,769.0,462.6550948458587
934,37,70.23239662131715,133.68808439116157,28461,769.0,109.70597408172574
935,38,527.131398548432,624.6008540520122,29230,769.0,823.7843363472942
